Tene' áak'ab kin bin merkaado	Tene' ma' áak'ab kin bin merkaadoi'	TYPE:NEG
Tene' áak'ab kin bin merkaado	Tene' wáaj áak'ab kin bin merkaado	SUBTYPE:INT
Ko'one'ex ich kool	Ko'ox ich kool	PERSON:1_PL
Táan a bine'ex ich kool	Ma' táan a bine'ex ich kooli'	TYPE:NEG
Táan a bine'ex ich kool	Táan wáaj a bine'ex ich kool	SUBTYPE:INT
Táan u bino'ob ich kool	Ma' táan u bino'ob ich kooli'	TYPE:NEG
Táan u bino'ob ich kool	Táan wáaj u bino'ob ich kool	SUBTYPE:INT
Ma' táan in bin ich kooli'	Ma' táan a bin ich kooli'	PERSON:2_SI
Ma' táan in bin ich kooli'	Ma' táan u bin ich kooli'	PERSON:3_SI
Ma' táan in bin ich kooli'	Ma' táan u bino'ob ich kooli'	PERSON:3_PL
Ma' táan in bin ich kooli'	Ma' táan a bine'ex ich kooli'	PERSON:2_PL
Ma' táan in bin ich kooli'	Ma' táan ek bin ich kooli'	PERSON:1_PL
Jaypéel k'iino'ob ka bin tu k'íiwikil koonol	Jayp'éel k'iino'ob ku bin tu k'íiwikil koonol	PERSON:3_SI
Jaypéel k'iino'ob ka bin tu k'íiwikil koonol	jayp'éel k'iino'ob ku bino'ob tu k'íiwikil koonol	PERSON:3_PL
Jaypéel k'iino'ob ka bin tu k'íiwikil koonol	Jayp'éel k'iino'ob ka bine'ex tu k'íiwikil koonol	PERSON:2_PL
Tin konaj in wotoch	Ta konaj a wotoch	PERSON:2_SI
Te' in taal tu kaajil Kopomae'	Te' a taal tu kaajil Kopomae'	PERSON:2_SI
Te' in taal tu kaajil Kopomae'	Te' u taal tu kaajil Kopomae'	PERSON:3_SI
Te' in taal tu kaajil Kopomae'	Te' k taal tu kaajil Kopomae'	PERSON:1_PL
Te' in taal tu kaajil Kopomae'	Te' a taale'ex tu kaajil Kopomae'	PERSON:2_PL
Te' in taal tu kaajil Kopomae'	Te' u taalo'ob tu kaajil Kopomae'	PERSON:3_PL
Ki'imak a wóol a bin tu k'íiwikil koonol	Ki'imak wáaj a wóol a bin tu k'íiwikil koonol	SUBTYPE:INT
Teche' ma' jbúulech wáaj	Leti'e' ma' jbúul wáaj	PERSON:3_SI
Teche' ma' jbúulech wáaj	To'one' ma' jbúulo'on wáaj	PERSON:1_PL
Teche' ma' jbúulech wáaj	Te'exe' ma' jbúule'ex wáaj	PERSON:2_PL
Ma' tin wilike'ex tu k'íiwikil koonol	Ma' tin wilikech tu k'íiwikil koonol	PERSON:1_SI
Ma' tin wilike'ex tu k'íiwikil koonol	Ma' ta wiliken tu k'íiwikil koonol	PERSON:2_SI
Ma' tin wilike'ex tu k'íiwikil koonol	Ma' tin wiliko'ob tu k'íiwikil koonol	PERSON:1_SI
Ma' tin wilike'ex tu k'íiwikil koonol	Ma' tin wilike'ex tu k'íiwikil koonol	PERSON:1_SI
Ma' tin wu'uyik ooxoli'	Ma' ta wu'uyik ooxoli'	PERSON:2_SI
Ma' tin wu'uyik ooxoli'	Ma' tu yu'ubik ooxoli'	PERSON:3_SI
Ma' tin wu'uyik ooxoli'	Ma' tu yu'ubiko'ob ooxoli'	PERSON:3_PL
Ma' tin wu'uyik ooxoli'	Ma' ta wu'uyike'ex ooxoli'	PERSON:2_PL
Ma' tin wu'uyik ooxoli'	Ma' tu yu'ubiko'ob ooxoli'	PERSON:3_PL
Jach k'a'abéet in bin merkaado	Ma' jach k'a'abéet in bin merkaadoi'	TYPE:NEG
Jach k'a'abéet in bin merkaado	Jach wáaj k'a'abéet in bin merkaado	SUBTYPE:INT
Táan u bin koonol tu k'íiwikil koonol	Leti'e' ma' táan u bin koonol tu k'íiwikil koonoli'	TYPE:NEG
Táan u bin koonol tu k'íiwikil koonol	Táan wáaj u bin koonol tu k'íiwikil koonol	SUBTYPE:INT
Yaan wáaj in bin koonol tu k'íiwikil koonol	Yaan wáaj a bin koonol tu k'íiwikil koonol	PERSON:2_SI
Yaan wáaj in bin koonol tu k'íiwikil koonol	Yaan wáaj u bin koonol tu k'íiwikil koonol	PERSON:3_SI
Yaan wáaj in bin koonol tu k'íiwikil koonol	Yaan wáaj u bin koonol tu k'íiwikil koonol	PERSON:3_SI
Yaan wáaj in bin koonol tu k'íiwikil koonol	Yaan wáaj u bino'ob koonol tu k'íiwikil koonol	PERSON:3_PL
Yaan wáaj in bin koonol tu k'íiwikil koonol	Yaan wáaj u bino'ob koonol tu k'íiwikil koonol	PERSON:3_PL
Yaan wáaj in bin koonol tu k'íiwikil koonol	Yaan wáaj a bine'ex koonol tu k'íiwikil koonol	PERSON:2_PL
Yaan wáaj in bin koonol tu k'íiwikil koonol	Yaan wáaj k bin koonol tu k'íiwikil koonol	PERSON:1_PL
Ma' tin wilikech merkaado	Ma' ta wiliken merkaado	PERSON:2_SI
Ma' ta wu'uyik ooxoli'	Ka wu'uyik wáaj ooxol	TYPE:AFF;SUBTYPE:INT
Ma' ta wu'uyik ooxoli'	Ma' ta wu'uyik  wáaj ooxoli'	SUBTYPE:INT
Tene' áak'ab kin bin tu k'íiwikil koonol	Teche' áak'ab ka bin tu k'íiwikil koonol	PERSON:2_SI
Tene' áak'ab kin bin tu k'íiwikil koonol	Leti'e' áak'ab ku bin tu k'íiwikil koonol	PERSON:3_SI
Tene' áak'ab kin bin tu k'íiwikil koonol	To'one' áak'ab k bin tu k'íiwikil koonol	PERSON:1_PL
Tene' áak'ab kin bin tu k'íiwikil koonol	Te'exe' áak'ab ka bine'ex tu k'íiwikil koonol	PERSON:2_PL
Ma' k'a'abéet wáaj in bin tu k'íiwikil koonoli'	Ma' jach k'a'abéet wáaj u bin tu k'íiwikil koonoli'	PERSON:3_SI
Ma' k'a'abéet wáaj in bin tu k'íiwikil koonoli'	Ma' jach k'a'abéet wáaj u bino'ob tu k'íiwikil koonoli'	PERSON:3_PL
Ma' k'a'abéet wáaj in bin tu k'íiwikil koonoli'	Ma' jach k'a'abéet wáaj a bine'ex k'íiwikil koonoli'	PERSON:2_PL
Tene' ajkoonolen	Leti'e' ajkoonol	PERSON:3_SI
Tene' ajkoonolen	Teche' ajkoonolech	PERSON:2_SI
Tene' ajkoonolen	To'one' ajkoonolo'on	PERSON:1_PL
Tene' ajkoonolen	Te'exe' ajkoonole'ex	PERSON:2_PL
Jach wáaj k'a'abéet in bin merkaado	Ma' wáaj jach k'a'abéet in bin merkaadoi'	TYPE:NEG
Mix teen kajakbalen ta wotoch	Ma' kajakbale'ex tin wotochi'	PERSON:2_PL
Mix teen kajakbalen ta wotoch	Mix teech kajakbalech ta wotoch	PERSON:2_SI
Mix teen kajakbalen ta wotoch	Mix leti' kajakbal ta wotoch	PERSON:3_SI
Mix teen kajakbalen ta wotoch	Mix to'on kajakbalo'on ta wotoch	PERSON:1_PL
Mix teen kajakbalen ta wotoch	Mix te'ex kajakbale'ex ta wotoch	PERSON:2_PL
Mix teen kajakbalen ta wotoch	Mix leti'ob kajakbalo'ob ta wotoch	PERSON:3_PL
Ma' ta wu'uyike'ex ooxoli'	Te'exe' ka wu'uyike'ex wáaj ooxol	TYPE:AFF;SUBTYPE:INT
Ma' ta wu'uyike'ex ooxoli'	Ma' ta wu'uyike'ex wáaj ooxoli'	SUBTYPE:INT
Táan in bin koonol merkaado	Táan a bin koonol merkaado	PERSON:2_SI
Táan in bin koonol merkaado	Táan u bin koonol merkaado	PERSON:3_SI
Táan in bin koonol merkaado	Táan u bino'ob koonol merkaado	PERSON:3_PL
Táan in bin koonol merkaado	Táan a bine'ex koonol merkaado	PERSON:2_PL
Táan in bin koonol merkaado	Táan k bin koonol merkaado	PERSON:1_PL
Táan u bin tu kool	Ma' táan u bin ich kooli'	TYPE:NEG
Táan u bin tu kool	Táan wáaj u bin ich kool	SUBTYPE:INT
Táan a báaxale'ex báaxal tu naajil báaxal	Táan wáaj a xooke'ex xook tu naajil xook	SUBTYPE:INT
Ma' tin wilaj u sáastal tin kaajali'	Ma' ta wilaj u sáastal ta kaajali'	PERSON:2_SI
Ma' tin wilaj u sáastal tin kaajali'	Ma' tu yilaj u sáastal tu kaajali'	PERSON:3_SI
Ma' tin wilaj u sáastal tin kaajali'	Ma' tak ilaj u sáastal k kaajali'	PERSON:1_PL
Ma' tin wilaj u sáastal tin kaajali'	Ma' tu yilo'ob u sáastal tu kaajalo'obi'	PERSON:3_PL
Ma' tin wilaj u sáastal tin kaajali'	Ma' ta wile'ex u sáastal ta kaajale'exi'	PERSON:2_PL
Jach k'a'abéet in bin tu k'íiwikil koonol	Ma' jach k'a'abéet in bin tu k'íiwikil koonoli'	TYPE:NEG
Jach k'a'abéet in bin tu k'íiwikil koonol	Jach wáaj k'a'abéet in bin k'íiwikil koonol	SUBTYPE:INT
Yaan in boon tu naajil xook	Yaan a boon tu naajil xook	PERSON:2_SI
Yaan in boon tu naajil xook	Yaan u boon tu naajil xook	PERSON:3_SI
Yaan in boon tu naajil xook	Yaan k boon tu naajil xook	PERSON:1_PL
Yaan in boon tu naajil xook	Yaan a boone'ex xook tu naajil xook	PERSON:2_PL
Yaan in boon tu naajil xook	Yaan u boono'ob tu naajil xook	PERSON:3_PL
Jweenen merkaado	Jweeno'ob merkaado	PERSON:3_PL
Jweenen merkaado	Jweene'ex merkaado	PERSON:2_PL
Ma' in wa'alik u k'aaba'	Ma' u ya'alik u k'aaba'	PERSON:3_SI
Ma' in wa'alik u k'aaba'	Ma' k a'alik u k'aaba'	PERSON:1_PL
Ma' in wa'alik u k'aaba'	Ma' a wa'alike'ex u k'aaba'	PERSON:2_PL
Ma' in wa'alik u k'aaba'	Ma' u ya'aliko'ob u k'aaba'	PERSON:3_PL
To'one' áak'ab k bin tu k'íiwikil koonol	To'one' áak'ab wáaj k bin tu k'íiwikil koonol	SUBTYPE:INT
To'one' áak'ab k bin tu k'íiwikil koonol	To'one' ma' áak'ab wáaj k bin tu k'íiwikil koonoli'	TYPE:NEG;SUBTYPE:INT
Tene' Yaan ten meyaj biología	Teche' Yaan tech meyaj biología	PERSON:2_SI
Tene' Yaan ten meyaj biología	Leti'e' yaan meyaj ti' biología	PERSON:3_SI
Tene' Yaan ten meyaj biología	To'onen yaanto'on meyaj biología	PERSON:1_PL
Tene' Yaan ten meyaj biología	Te'exe' yaante'ex meyaj biología	PERSON:2_PL
Jbinen áalkab te' taam paarkéeo'	Leti'e' bin áalkab te' taam paarkéeo'	PERSON:3_SI
Jbinen áalkab te' taam paarkéeo'	Te'exe' bine'ex áalkab te' taam paarkéeo'	PERSON:2_PL
Jbinen áalkab te' taam paarkéeo'	To'one' bino'on áalkab te' taam paarkéeo'	PERSON:1_PL
Jbinen áalkab te' taam paarkéeo'	Leti'o'obe' bino'ob áalkab te' taam paarkéeo'	PERSON:3_PL
Teche' ka bin xíimbal tu yotoch	Teche' ma' ta bin xíimbal tu yotochi'	TYPE:NEG
Teche' a k'aaba'e'	Bix a k'aaba'	SUBTYPE:INT
Teche' a k'aaba'e'	Ma' in k'aaba'i'	TYPE:NEG;ASPECT:NA;PERSON:1_SI
Tu'ux k'íiwikil koonol ka jóok'ol koonol	Tu'ux k'íiwikil koonol suuk a jóok'ol koonol	ASPECT:CUS
Tu'ux k'íiwikil koonol ka jóok'ol koonol	Tu'ux k'íiwikil koonol yaan a jóok'ol koonol	ASPECT:COM
Tu'ux k'íiwikil koonol ka jóok'ol koonol	Tu'ux k'íiwikil koonol k'a'abéet a jóok'ol koonol	ASPECT:OBL
Tu'ux k'íiwikil koonol ka jóok'ol koonol	Tu'ux k'íiwikil koonol káaj a jóok'ol koonol	ASPECT:BEG;TENSE:PAS_SIM
Tu'ux k'íiwikil koonol ka jóok'ol koonol	Tu'ux k'íiwikil koonol taak a jóok'ol koonol	ASPECT:DES
Tene' ts'oka'an wáaj in beel	Teche' ts'oka'an wáaj a beel	PERSON:2_SI
Tene' ts'oka'an wáaj in beel	Leti'e' ts'oka'an wáaj u beel	PERSON:3_SI
Tene' ts'oka'an wáaj in beel	To'one' ts'oka'an wáaj k beel	PERSON:1_PL
Tene' ts'oka'an wáaj in beel	Te'exe' ts'oka'an wáaj a beele'ex	PERSON:2_PL
Tene' ts'oka'an wáaj in beel	Leti'obe' ts'oka'an wáaj u beelo'ob	PERSON:3_PL
Leti'obe' ti' u taalo'obi'	Ma' ti' u taalo'obi'	TYPE:NEG
Leti'obe' ti' u taalo'obi'	Ti' wáaj a taalo'obi'	SUBTYPE:INT
Táan in suut tu naajil xook	Táan a suut tu naajil xook	PERSON:2_SI
Táan in suut tu naajil xook	Táan u suut tu naajil xook	PERSON:3_SI
Táan in suut tu naajil xook	Táan k suut tu naajil xook	PERSON:1_PL
Táan in suut tu naajil xook	Táan a suute'ex xook tu naajil xook	PERSON:2_PL
Táan in suut tu naajil xook	Táan u suuto'ob tu naajil xook	PERSON:3_PL
Tene' in k'aaba'e'	Teche' a k'aaba'e'	ASPECT:HAB;PERSON:2_SI
Tene' in k'aaba'e'	Leti'e' u k'aaba'e'	ASPECT:HAB;PERSON:3_SI
Tene' in k'aaba'e'	To'one' k k'aaba'e'	ASPECT:HAB;PERSON:1_PL
Tene' in k'aaba'e'	To'one' in k'aaba'one'	ASPECT:HAB;PERSON:1_PL
Tene' in k'aaba'e'	Te'exe' a k'aaba'exe'	ASPECT:HAB;PERSON:2_PL
Tene' in k'aaba'e'	Leti'obe' u k'aaba'obe'	ASPECT:HAB;PERSON:3_PL
Ma' wáaj jach k'a'abéet in bin merkaadoi'	Ma' wáaj jach k'a'abéet u bin merkaadoi'	PERSON:3_SI
Ma' wáaj jach k'a'abéet in bin merkaadoi'	Ma' wáaj jach k'a'abéet u bino'ob merkaadoi'	PERSON:3_PL
Yaan a bin paarkée	Yaan wáaj a bin paarkée	SUBTYPE:INT
Yaan ti' te'ex 17 ja'abo'ob	Yaan wáaj ti' te'ex kex 17 ja'abo'ob	TYPE:NEG;SUBTYPE:INT
Yaan ti' te'ex 17 ja'abo'ob	Mina'an wáaj ti'ob 17 ja'abo'ob	TYPE:NEG
k'aaynajen tu naajil xook	K'aaynajech tu naajil xook	PERSON:2_SI
k'aaynajen tu naajil xook	k'aaynajo'ob tu naajil xook	PERSON:3_PL
k'aaynajen tu naajil xook	k'aaynaje'ex tu naajil xook	PERSON:2_PL
Yaan wáaj a manik a najil	Yaan wáaj u manik u najil	PERSON:3_SI
Yaan wáaj a manik a najil	Mix tu manik u najil	TYPE:NEG;SUBTYPE:DEC;PERSON:3_SI
Tene' ajkoonolen ichil merkaado	Leti'e' ajkoonol ichil merkaado	PERSON:3_SI
Tene' ajkoonolen ichil merkaado	Teche' ajkoonolech ichil merkaado	PERSON:2_SI
Tene' ajkoonolen ichil merkaado	To'one' ajkoonolo'on ichil merkaado	PERSON:1_PL
Tene' ajkoonolen ichil merkaado	Te'exe' ajkoonole'ex ichil merkaado	PERSON:2_PL
Jayp'éel k'iino'ob ka bin merkaado	Jayp'éel k'iino'ob ku bin merkaado	PERSON:3_SI
Jayp'éel k'iino'ob ka bin merkaado	Jayp'éel k'iino'ob ku bino'ob merkaado	PERSON:3_PL
Jayp'éel k'iino'ob ka bin merkaado	Jayp'éel k'iino'ob ka bine'ex merkaado	PERSON:2_PL
Ts'oka'an wáaj in beel	Ma' ts'oka'an in beeli'	TYPE:NEG;SUBTYPE:DEC
Ts'oka'an wáaj in beel	Tene' ma' ts'oka'an in beeli'	TYPE:NEG;SUBTYPE:DEC
Teche' áak'ab wáaj ka bin merkaado	Leti'e' áak'ab wáaj ku bin merkaado	PERSON:3_SI
Teche' áak'ab wáaj ka bin merkaado	To'one' áak'ab wáaj kek bin merkaado	PERSON:1_PL
Teche' áak'ab wáaj ka bin merkaado	Te'exe' áak'ab wáaj ka bine'ex merkaado	PERSON:2_PL
Múul kajakbal tu yéetel	Ma' múulkajakbal tu yéeteli'	TYPE:NEG;VOICE:ACT;TRANSITIV:ITR
Múul kajakbal tu yéetel	Múul kajakbal wáaj tu yéetel	SUBTYPE:INT;ASPECT:HAB;PERSON:1_SI;VOICE:ACT;TRANSITIV:ITR
Ta konaj a wotoch	Ta konaj wáaj a wotoch	SUBTYPE:INT
Ma' k'aja'anto'on buka'aj k ja'abili'	Ma' wáaj k'aja'anto'on buka'aj k ja'abili'	SUBTYPE:INT
Jsa'atech te' paarkéeo'	Jsa'atech wáaj te' paarkéeo'	SUBTYPE:INT
Jsa'atech te' paarkéeo'	Bix a sa'atal paarkée	SUBTYPE:INT;ASPECT:NA;ADVTENSE:A
Táan in manik ja'as tu k'íiwikil koonol	Kin manik nikte'ob tu k'íiwikil koonol	ASPECT:HAB
Táan in manik ja'as tu k'íiwikil koonol	Ts'o'ok in manik janal tu k'íiwikil koonol	ASPECT:TER;TENSE:PAS_SIM
Táan in manik ja'as tu k'íiwikil koonol	Táant in manik ch'ujuk pak'áal tu k'íiwikil koonole'	ASPECT:IMM;TENSE:PAS_SIM
Táan in manik ja'as tu k'íiwikil koonol	K'a'abéet in manik suuts' pak'áal tu k'íiwikil koonol	ASPECT:OBL
Táan in manik ja'as tu k'íiwikil koonol	Yaan in manik ch'ujuko'ob tu k'íiwikil koonol	ASPECT:COM
Tene' jbúulen	Teche' jbúulech	PERSON:2_SI
Tene' jbúulen	Leti'e' jbúulij	PERSON:3_SI
Tene' jbúulen	To'one' jbúulo'on	PERSON:1_PL
Tene' jbúulen	Te'exe' jbúule'ex	PERSON:2_PL
Kin manik ya'abach ba'alob tu k'íiwikil koonol	Táan in manik ya'abach ba'alob tu k'íiwikil koonol	ASPECT:PRG
Kin manik ya'abach ba'alob tu k'íiwikil koonol	Ts'o'ok in manik ya'abach ba'alob tu k'íiwikil koonol	ASPECT:TER;TENSE:PAS_SIM
Kin manik ya'abach ba'alob tu k'íiwikil koonol	Yaan in manik ya'abach ba'alob tu k'íiwikil koonol	ASPECT:COM
Kin manik ya'abach ba'alob tu k'íiwikil koonol	Je'el in manik ya'abach ba'alob tu k'íiwikil koonole'	ASPECT:INS
Kin manik ya'abach ba'alob tu k'íiwikil koonol	K'a'abéet in manik ya'abach ba'alob tu k'íiwikil koonol	ASPECT:OBL
Kin manik ya'abach ba'alob tu k'íiwikil koonol	Káaj in manik ya'abach ba'alob tu k'íiwikil koonol	ASPECT:BEG;TENSE:PAS_SIM
Kin manik ya'abach ba'alob tu k'íiwikil koonol	Suuk in manik ya'abach ba'alob tu k'íiwikil koonol	ASPECT:CUS
Kin manik ya'abach ba'alob tu k'íiwikil koonol	Taak in manik ya'abach ba'alo'ob tu k'íiwikil koonol	ASPECT:DES
Kin manik ya'abach ba'alob tu k'íiwikil koonol	Táant in manik ya'abach ba'alo'ob tu k'íiwikil koonole'	ASPECT:IMM;TENSE:PAS_SIM
Ta konaj a najil	Ta konaj wáaj a najil	SUBTYPE:INT
Jweenen ich kool	Jweenech ich kool	PERSON:2_SI
Jweenen ich kool	Jweeno'ob ich kool	PERSON:3_PL
Jweenen ich kool	Jweene'ex ich kool	PERSON:2_PL
Tin meentik janal ich kool	Ta meentik janal ich kool	PERSON:2_SI
Tin meentik janal ich kool	Tu meentik janal ich kool	PERSON:3_SI
Tin meentik janal ich kool	Tu meentiko'ob janal ich kool	PERSON:3_PL
Tin meentik janal ich kool	Ta meentike'ex janal ich kool	PERSON:2_PL
Yaan wáaj a báaxal tu naajil báaxal	Yaan wáaj u báaxal tu naajil báaxal	PERSON:3_SI
Yaan wáaj a báaxal tu naajil báaxal	Yaan wáaj k báaxal tu naajil báaxal	PERSON:1_PL
Yaan wáaj a báaxal tu naajil báaxal	Yaan wáaj a báaxale'ex báaxal tu naajil báaxal	PERSON:2_PL
Yaan wáaj a báaxal tu naajil báaxal	Yaan wáaj u báaxalo'ob tu naajil báaxal	PERSON:3_PL
Jach k'a'abéet a bin merkaado	Jach k'a'abéet in bin merkaado	PERSON:1_SI
Jach k'a'abéet a bin merkaado	Jach k'a'abéet u bin merkaado	PERSON:3_SI
Jach k'a'abéet a bin merkaado	Jach k'a'abéet u bino'ob merkaado	PERSON:3_PL
Jach k'a'abéet a bin merkaado	Jach k'a'abéet a bine'ex merkaado	PERSON:2_PL
Tu u yojel u ja'abili'	Ma' u yojel u ja'abili'	TYPE:NEG
Ma' ts'oka'an in beeli'	Ma' ts'oka'an a beeli'	PERSON:2_SI
Ma' ts'oka'an in beeli'	Ma' ts'oka'an u beeli'	PERSON:3_SI
Ma' ts'oka'an in beeli'	Ma' ts'oka'an k beeli'	PERSON:1_PL
Ma' ts'oka'an in beeli'	Ma' ts'oka'an a beele'exi'	PERSON:3_PL
Ma' ts'oka'an in beeli'	Ma' ts'oka'an u beelo'obi'	PERSON:3_PL
Tin núukaj buka'aj in ja'abil	Ta núukaj buka'aj a ja'abil	PERSON:2_SI
Tin núukaj buka'aj in ja'abil	Tu núukaj buka'aj u ja'abil	PERSON:3_SI
Tin núukaj buka'aj in ja'abil	Tek núukaj buka'aj k ja'abil	PERSON:1_PL
Tin núukaj buka'aj in ja'abil	Ta núukaje'ex buka'aj a ja'abile'ex	PERSON:2_PL
Tin núukaj buka'aj in ja'abil	Tu núukaj buka'aj u ja'abilo'ob	PERSON:3_PL
Ta manaj a wotoch	Ta manaj wáaj a wotoch	SUBTYPE:INT
Ta manaj a wotoch	Ma' tin manaj in wotochi'	TYPE:NEG;PERSON:1_SI
Tene' kin bin xíimbal ta wotoch	Leti'e' ku bin xíimbal ta wotoch	PERSON:3_SI
Tene' kin bin xíimbal ta wotoch	Leti'e' ku bin xíimbal ta wotoch	PERSON:3_SI
Tene' kin bin xíimbal ta wotoch	To'one' kek bin xíimbal ta wotoch	PERSON:1_PL
Kin wilikech te' tu kúuchil báaxalo'	Táant in wilikech te' tu kúuchil báaxalo'	ASPECT:IMM;TENSE:PAS_SIM
Kin wilikech te' tu kúuchil báaxalo'	Yaan in wilikech te' tu kúuchil báaxalo'	ASPECT:COM
kin ts'íib tu naajil xook	ka ts'íib tu naajil xook	PERSON:2_SI
kin ts'íib tu naajil xook	ka ts'íibe'ex tu naajil xook	PERSON:2_PL
kin ts'íib tu naajil xook	ku ts'íibo'ob tu naajil xook	PERSON:3_PL
Yaan in xook tu naajil xook	Yaan a xook tu naajil xook	PERSON:2_SI
Yaan in xook tu naajil xook	Yaan u xook tu naajil xook	PERSON:3_SI
Yaan in xook tu naajil xook	Yaan k xook tu naajil xook	PERSON:1_PL
Yaan in xook tu naajil xook	Yaan a xooke'ex xook tu naajil xook	PERSON:2_PL
Yaan in xook tu naajil xook	Yaan u xooko'ob tu naajil xook	PERSON:3_PL
Kin bin koonol tu k'íiwikil koonol	Ts'o'ok in bin koonol tu k'íiwikil koonol	ASPECT:TER;TENSE:PAS_SIM
Kin bin koonol tu k'íiwikil koonol	Je'el in bin koonol tu k'íiwikil koonole'	ASPECT:INS
Táan in suut koonol merkaado	Yaan in suut koonol merkaado	ASPECT:COM
Táan in suut koonol merkaado	Taak in suut koonol merkaado	ASPECT:DES
Táan in suut koonol merkaado	K'a'abéet in suut koonol merkaado	ASPECT:OBL
Táan in suut koonol merkaado	Kin in suut koonol merkaado	ASPECT:HAB
Táan in suut koonol merkaado	Suuk in suut koonol merkaado	ASPECT:CUS
Táan in suut koonol merkaado	Ts'o'ok in suut koonol merkaado	ASPECT:TER;TENSE:PAS_SIM
Táan in suut koonol merkaado	Káaj in suut koonol merkaado	ASPECT:BEG;TENSE:PAS_SIM
Táan in suut koonol merkaado	Táant in suut koonol merkaadoe'	ASPECT:IMM;TENSE:PAS_SIM
Tene' ti' kajakbalen tu yotoche'	Teche' ti' kajakbalech tu yotoche'	PERSON:2_SI
Tene' ti' kajakbalen tu yotoche'	Leti'e' ti' kajakbal tu yotoche'	PERSON:3_SI
Tene' ti' kajakbalen tu yotoche'	To'one' ti' kajakbalo'on tu yotoche'	PERSON:1_PL
Tene' ti' kajakbalen tu yotoche'	Te'exe' ti' kajakbale'ex tu yotoche'	PERSON:2_PL
Tene' ti' kajakbalen tu yotoche'	Leti'obe' ti' kajakbalo'ob tu yotoche'	PERSON:3_PL
Tene' Yaan ten xook ti' español	Teche' Yaan tech xook ti' español	PERSON:2_SI
Tene' Yaan ten xook ti' español	Leti'e' yaan xook ti' español	PERSON:3_SI
Tene' Yaan ten xook ti' español	To'onen yaanto'on xook ti' español	PERSON:1_PL
Tene' Yaan ten xook ti' español	Te'exe' yaante'ex xook ti' español	PERSON:2_PL
ma'alob jk'a'amiken tu naajil xook	ma' ma'alob jk'a'amiken naajil xooki'	TYPE:NEG
Máax yéetel ka bin koonol tu kúuchil báaxal	Máax yéetel ts'o'ok a bin koonol tu kúuchil báaxal	ASPECT:TER;TENSE:PAS_SIM
Máax yéetel ka bin koonol tu kúuchil báaxal	Máax yéetel je'el a bin koonol tu kúuchil báaxale'	ASPECT:INS
Leti'e' múul kajakbal tek éetel	Ma' múulkajakbal tin wéetelo'oni'	TYPE:NEG;ASPECT:NA;VOICE:ACT;TRANSITIV:ITR
Leti'e' múul kajakbal tek éetel	Leti'e' múul kajakbal tek éetel wáaj	SUBTYPE:INT
Jach wáaj k'a'abéet a bin merkaado	Jach wáaj k'a'abéet in bin merkaado	PERSON:1_SI
Jach wáaj k'a'abéet a bin merkaado	Jach wáaj k'a'abéet u bin merkaado	PERSON:3_SI
Jach wáaj k'a'abéet a bin merkaado	Jach wáaj k'a'abéet u bino'ob merkaado	PERSON:3_PL
Jach wáaj k'a'abéet a bin merkaado	Jach wáaj k'a'abéet a bine'ex merkaado	PERSON:2_PL
Táan wáaj a bin koonol tu k'íiwikil koonol	Táan wáaj u bin koonol tu k'íiwikil koonol	PERSON:3_SI
Táan wáaj a bin koonol tu k'íiwikil koonol	Táan wáaj u bin koonol tu k'íiwikil koonol	PERSON:3_SI
Táan wáaj a bin koonol tu k'íiwikil koonol	Táan wáaj u bino'ob koonol tu k'íiwikil koonol	PERSON:3_PL
Táan wáaj a bin koonol tu k'íiwikil koonol	Táan wáaj u bino'ob koonol tu k'íiwikil koonol	PERSON:3_PL
Táan wáaj a bin koonol tu k'íiwikil koonol	Táan wáaj a bine'ex koonol tu k'íiwikil koonol	PERSON:2_PL
Táan wáaj a bin koonol tu k'íiwikil koonol	Táan wáaj k bin koonol tu k'íiwikil koonol	PERSON:1_PL
Ts'oka'an wáaj u beelo'ob	Ma' ts'oka'an u beelo'obi'	TYPE:NEG;SUBTYPE:DEC
Ts'oka'an wáaj u beelo'ob	Leti'obe' ma' ts'oka'an u beelo'obi'	TYPE:NEG;SUBTYPE:DEC
Ma' kajakbalen tin wotochi'	Ma' kajakbalech tin wotochi'	PERSON:2_SI
Ma' kajakbalen tin wotochi'	Ma' kajakbal tin wotochi'	PERSON:3_SI
Ma' kajakbalen tin wotochi'	Ma' kajakbalo'on tin wotochi'	PERSON:1_PL
Ma' kajakbalen tin wotochi'	Ma' kajakbalo'ob tin wotochi'	PERSON:3_PL
Tin konaj u k'áaxil in kool	Tin wáaj konaj u k'áaxil in kool	SUBTYPE:INT
Tin konaj u k'áaxil in kool	Ma' tin konaj u k'áaxil in kooli'	TYPE:NEG
Táan in bin koonol tu k'íiwikil koonol	Yaan in bin koonol tu k'íiwikil koonol	ASPECT:COM
Táan in bin koonol tu k'íiwikil koonol	Taak in bin koonol tu k'íiwikil koonol	ASPECT:DES
Táan in bin koonol tu k'íiwikil koonol	k'a'abéet in bin koonol tu k'íiwikil koonol	ASPECT:OBL
Táan in bin koonol tu k'íiwikil koonol	Kin bin koonol tu k'íiwikil koonol	ASPECT:HAB
Táan in bin koonol tu k'íiwikil koonol	Suuk in bin koonol tu k'íiwikil koonol	ASPECT:CUS
Ma' tan in k'íilkabi'	Ma' tan a k'íilkabi'	PERSON:2_SI
Ma' tan in k'íilkabi'	Ma' tan u k'íilkabi'	PERSON:3_SI
Ma' tan in k'íilkabi'	Ma' tan k k'íilkabi'	PERSON:1_PL
Ma' tan in k'íilkabi'	Ma' tan a k'íilkabe'exi'	PERSON:2_PL
Ma' tan in k'íilkabi'	Ma' tan u k'íilkabo'obi'	PERSON:3_PL
Tene' kin báaxal paarkée	Teche' ka báaxal paarkée	PERSON:2_SI
Tene' kin báaxal paarkée	Leti'e' ku báaxal paarkée	PERSON:3_SI
Tene' kin báaxal paarkée	To'one' k báaxal paarkée	PERSON:1_PL
Tene' kin báaxal paarkée	Te'exe' ka báaxale'ex paarkée	PERSON:2_PL
Tene' kin báaxal paarkée	Leti'obe' ku báaxalo'ob paarkée	PERSON:3_PL
Tene' áak'ab wáaj kin bin tu k'íiwikil koonol	Teche' áak'ab wáaj ka bin tu k'íiwikil koonol	PERSON:2_SI
Tene' áak'ab wáaj kin bin tu k'íiwikil koonol	Leti'e' áak'ab wáaj ku bin tu k'íiwikil koonol	PERSON:3_SI
Tene' áak'ab wáaj kin bin tu k'íiwikil koonol	To'one' áak'ab wáaj k bin tu k'íiwikil koonol	PERSON:1_PL
Tene' áak'ab wáaj kin bin tu k'íiwikil koonol	Te'exe' áak'ab wáaj ka bine'ex tu k'íiwikil koonol	PERSON:2_PL
Yaan wáaj in jóok'ol koonol tu k'íiwikil koonol	K'a'abéet wáaj in jóok'ol koonol tu k'íiwikil koonol	ASPECT:OBL
Yaan wáaj in jóok'ol koonol tu k'íiwikil koonol	Kin jóok'ol wáaj koonol tu k'íiwikil koonol	ASPECT:HAB;TENSE:PRE_SIM
Yaan wáaj in jóok'ol koonol tu k'íiwikil koonol	Suuk wáaj in jóok'ol koonol tu k'íiwikil koonol	ASPECT:CUS;TENSE:PRE_SIM
Teche' ka bin paak'áal ich kool	Teche' ka bin paak'áal ich kool wáaj	SUBTYPE:INT
Teche' ka bin paak'áal ich kool	Teche' ma' táan a bin paak'áal tu kool	TYPE:NEG
Táan in xook tu naajil xook	Táan a xook tu naajil xook	PERSON:2_SI
Táan in xook tu naajil xook	Táan u xook tu naajil xook	PERSON:3_SI
Táan in xook tu naajil xook	Táan k xook tu naajil xook	PERSON:1_PL
Táan in xook tu naajil xook	Táan a xooke'ex xook tu naajil xook	PERSON:2_PL
Táan in xook tu naajil xook	Táan u xooko'ob tu naajil xook	PERSON:3_PL
Tin míistik in najil	Ta míistik in najil	PERSON:2_SI
Tin míistik in najil	Táan a míistik in najil	PERSON:2_SI
Ba'ax ja'abil jsíijen	Ba'ax ja'abil jsíijij	PERSON:3_SI
Ba'ax ja'abil jsíijen	Ba'ax ja'abil jsíije'ex	PERSON:2_PL
Ba'ax ja'abil jsíijen	Ba'ax ja'abil jsíijo'ob	PERSON:3_PL
Yaan in báaxal tu naajil báaxal	Yaan a báaxal tu naajil báaxal	PERSON:2_SI
Yaan in báaxal tu naajil báaxal	Yaan u báaxal tu naajil báaxal	PERSON:3_SI
Yaan in báaxal tu naajil báaxal	Yaan k báaxal tu naajil báaxal	PERSON:1_PL
Yaan in báaxal tu naajil báaxal	Yaan a báaxale'ex báaxal tu naajil báaxal	PERSON:2_PL
Yaan in báaxal tu naajil báaxal	Yaan u báaxalo'ob tu naajil báaxal	PERSON:3_PL
Leti'e' áak'ab ku bin tu k'íiwikil koonol	Leti'e' áak'ab wáaj ku bin tu k'íiwikil koonol	SUBTYPE:INT
Leti'e' áak'ab ku bin tu k'íiwikil koonol	Leti'e' ma' áak'ab wáaj ku bin tu k'íiwikil koonoli'	TYPE:NEG;SUBTYPE:INT;PERSON:2_SI
Sáansamal kin bin koonol merkaado	Sáansamal ku bino'ob koonol merkaado	PERSON:3_PL
Sáansamal kin bin koonol merkaado	Sáansamal ka bine'ex koonol merkaado	PERSON:2_PL
Yaan in suut tu naajil xook	Yaan a suut tu naajil xook	PERSON:2_SI
Yaan in suut tu naajil xook	Yaan u suut tu naajil xook	PERSON:3_SI
Yaan in suut tu naajil xook	Yaan k suut tu naajil xook	PERSON:1_PL
Yaan in suut tu naajil xook	Yaan a suute'ex xook tu naajil xook	PERSON:2_PL
Yaan in suut tu naajil xook	Yaan u suuto'ob tu naajil xook	PERSON:3_PL
Tin manaj u k'áaxil uti'al in beetik in kool	Ma' tin manaj u k'áaxil uti'al in kooli'	TYPE:NEG
Ook'in in bin tu k'íiwikil koonol	Ook'in a bin tu k'íiwikil koonol	PERSON:2_SI
Ook'in in bin tu k'íiwikil koonol	Ook'in u bino'ob k'íiwikil koonol	PERSON:3_PL
Ook'in in bin tu k'íiwikil koonol	Ook'in a bine'ex k'íiwikil koonol	PERSON:2_PL
Tin kaxtik a najil	Tu kaxtik a najil	PERSON:3_SI
Tin kaxtik a najil	Tan k kaxtik a najil	PERSON:1_PL
Tin kaxtik a najil	Táan u kaxtik a najil	PERSON:3_SI
Tin kaxtik a najil	Táan ek kaxtik a najil	PERSON:1_PL
Tin kaxtik a najil	Tu kaxko'ob a najil	PERSON:3_PL
Tin kaxtik a najil	Táan u kaxtiko'ob a naajil	PERSON:3_PL
Ka wu'uyik wáaj ooxol	ku yu'ubik wáaj ooxol	PERSON:3_SI
Ka wu'uyik wáaj ooxol	To'one' k u'uyik wáaj ooxol	PERSON:1_PL
Ka wu'uyik wáaj ooxol	To'one' k u'uyik wáaj ooxol	PERSON:1_PL
Ka wu'uyik wáaj ooxol	Te'exe' ka wu'uyike'ex wáaj ooxol	PERSON:2_PL
Ka wu'uyik wáaj ooxol	Leti'o'obe' ku yu'ubiko'ob ooxol	PERSON:3_PL
Tin konaj in najil	Ta konaj a najil	PERSON:2_SI
Ts'o'ok in bin koonol tu k'íiwikil koonol	Káaj in bin koonol tu k'íiwikil koonol	ASPECT:BEG
Ts'o'ok in bin koonol tu k'íiwikil koonol	Táant in bin koonol tu k'íiwikil koonole'	ASPECT:IMM
Tene' in wojel bix u k'aaba'	Tene' in wojel wáaj bix u k'aaba'	SUBTYPE:INT
Tene' in wojel bix u k'aaba'	Ma' in wojel bix u k'aaba'i'	TYPE:NEG
Jbinen yéetel in éetailo'ob janal ich kool	Jbinech yéetel a éetailo'ob janal ich kool	PERSON:2_SI
Ma' wáaj ta bin merkaado	Ma' wáaj tu bin merkaado	PERSON:2_PL
Ma' wáaj ta bin merkaado	Ma' wáaj ta bine'ex merkaado	PERSON:2_PL
Ma' wáaj ta bin merkaado	Ma' wáaj tu bino'ob merkaado	PERSON:3_PL
Tene' Yaan ten u áanalte'il in xook matemáticas	Teche' Yaan tech u áanalte'il a xook matemáticas	PERSON:2_SI
Tene' Yaan ten u áanalte'il in xook matemáticas	Leti'e' yaan u áanalte'il u xook matemáticas	PERSON:3_SI
Tene' Yaan ten u áanalte'il in xook matemáticas	To'onen yaanto'on u áanalte'il k xook matemáticas	PERSON:1_PL
Tene' Yaan ten u áanalte'il in xook matemáticas	Te'exe' yaante'ex u áanalte'il u xookil matemáticas	PERSON:2_PL
Jach wáaj k'a'abéet a bin k'íiwikil koonol	Jach wáaj k'a'abéet in bin k'íiwikil koonol	PERSON:1_SI
Jach wáaj k'a'abéet a bin k'íiwikil koonol	Jach k'a'abéet wáaj u bin tu k'íiwikil koonol	PERSON:3_SI
Jach wáaj k'a'abéet a bin k'íiwikil koonol	Jach k'a'abéet wáaj u bino'ob tu k'íiwikil koonol	PERSON:3_PL
Jach wáaj k'a'abéet a bin k'íiwikil koonol	Jach k'a'abéet wáaj a bine'ex tu k'íiwikil koonol	PERSON:2_PL
Ma' in wojel u ja'abili'	Ma' a wojel u ja'abili'	PERSON:2_SI
Ma' in wojel u ja'abili'	Ma' u yojel u ja'abili'	PERSON:3_SI
Ma' in wojel u ja'abili'	Ma' k ojel u ja'abili'	PERSON:1_PL
Ma' in wojel u ja'abili'	Ma' a wojele'ex u ja'abili'	PERSON:2_PL
Ma' in wojel u ja'abili'	Ma' u yojelo'ob u ja'abili'	PERSON:3_PL
Ki'imak in wóol in bin ich kool	Ki'imak a wóol a bin ich kool	PERSON:2_SI
Ki'imak in wóol in bin ich kool	Ki'imak u yóolo'ob u bino'ob tu koolo'ob	PERSON:3_PL
Tu'ux kajakbalen	Tu'ux kajakbalech	PERSON:2_SI
Tu'ux kajakbalen	Tu'ux kajakbal	PERSON:3_SI
Tu'ux kajakbalen	Tu'ux kajakbalo'on	PERSON:1_PL
Tu'ux kajakbalen	Tu'ux kajakbale'ex	PERSON:2_PL
Tu'ux kajakbalen	Tu'ux kajakbalo'ob	PERSON:3_PL
Táan wáaj a boon tu naajil xook	Táan wáaj u boon tu naajil xook	PERSON:3_SI
Táan wáaj a boon tu naajil xook	Táan wáaj k boon tu naajil xook	PERSON:1_PL
Táan wáaj a boon tu naajil xook	Táan wáaj a boone'ex xook tu naajil xook	PERSON:2_PL
Táan wáaj a boon tu naajil xook	Táan wáaj u boono'ob tu naajil xook	PERSON:3_PL
Ta wilaj wáaj u sáastal ta kaajal	Tu yilaj wáaj u sáastal tu kaajal	PERSON:3_SI
Ta wilaj wáaj u sáastal ta kaajal	k ilaj wáaj u sáastal k kaajal	PERSON:1_PL
Ta wilaj wáaj u sáastal ta kaajal	Tu yilo'ob wáaj u sáastal tu kaajalo'ob	PERSON:3_PL
Ta wilaj wáaj u sáastal ta kaajal	Ta wile'ex wáaj u sáastal ta kaajale'ex	PERSON:2_PL
Táan a míistik a wotoch	Ta míistaj wáaj a wotoch	SUBTYPE:INT
Ook'in in bin merkaado	Ook'in a bin merkaado	PERSON:2_SI
Ook'in in bin merkaado	Ook'in u bino'ob merkaado	PERSON:3_PL
Ook'in in bin merkaado	Ook'in a bine'ex merkaado	PERSON:2_PL
Ki'imak in wóol in bin merkaado	Ki'imak a wóol a bin merkaado	PERSON:2_SI
Ki'imak in wóol in bin merkaado	Ki'imak u yóolo'ob u bino'ob merkaado	PERSON:3_PL
Táan wáaj a báaxal tu naajil báaxal	Táan wáaj u báaxal tu naajil báaxal	PERSON:3_SI
Táan wáaj a báaxal tu naajil báaxal	Táan wáaj k báaxal tu naajil báaxal	PERSON:1_PL
Táan wáaj a báaxal tu naajil báaxal	Táan wáaj a báaxale'ex báaxal tu naajil báaxal	PERSON:2_PL
Táan wáaj a báaxal tu naajil báaxal	Táan wáaj u báaxalo'ob tu naajil báaxal	PERSON:3_PL
Máax yéetel ka bin koonol tu kúuchil báaxal	Máax yéetel táan a bin koonol tu kúuchil báaxal	SUBTYPE:DEC;ASPECT:PRG
Máax yéetel ka bin koonol tu kúuchil báaxal	Máax yéetel suuk a bin koonol tu kúuchil báaxal	SUBTYPE:DEC;ASPECT:CUS
Máax yéetel ka bin koonol tu kúuchil báaxal	Máax yéetel k'a'abéet a bin koonol tu kúuchil báaxal	SUBTYPE:DEC;ASPECT:OBL
Máax yéetel ka bin koonol tu kúuchil báaxal	Máax yéetel taak a bin koonol tu kúuchil báaxal	SUBTYPE:DEC;ASPECT:DES
Táan wáaj a xook tu naajil xook	Táan wáaj u xook tu naajil xook	PERSON:3_SI
Táan wáaj a xook tu naajil xook	Táan wáaj k xook tu naajil xook	PERSON:1_PL
Táan wáaj a xook tu naajil xook	Táan wáaj a xooke'ex xook tu naajil xook	PERSON:2_PL
Táan wáaj a xook tu naajil xook	Táan wáaj u xooko'ob tu naajil xook	PERSON:3_PL
Tin manaj in wotoch	Ta manaj a wotoch	PERSON:2_SI
Taak in wilikech te' tu kúuchil báaxalo'	Táan in wilikech te' tu kúuchil báaxalo'	ASPECT:PRG
Taak in wilikech te' tu kúuchil báaxalo'	Kin wilikech te' tu kúuchil báaxalo'	ASPECT:HAB
Taak in wilikech te' tu kúuchil báaxalo'	Suuk in wilikech te' tu kúuchil báaxalo'	ASPECT:CUS
Taak in wilikech te' tu kúuchil báaxalo'	K'a'abéet in wilikech te' tu kúuchil báaxalo'	ASPECT:OBL
Sáansamal kin bin merkaado	Sáansamal ka bin merkaado	PERSON:2_SI
Sáansamal kin bin merkaado	Sáansamal ku bin merkaado	PERSON:3_SI
Sáansamal kin bin merkaado	Sáansamal ku bino'ob merkaado	PERSON:3_PL
Sáansamal kin bin merkaado	Sáansamal ka bine'ex merkaado	PERSON:2_PL
Ta'aytak in chukik u ja'abil	Ta'aytak a chukik u ja'abil	PERSON:2_SI
Ta'aytak in chukik u ja'abil	Ta'aytak u chukik u ja'abil	PERSON:3_SI
Ta'aytak in chukik u ja'abil	Ta'aytak k chukik u ja'abil	PERSON:1_PL
Ta'aytak in chukik u ja'abil	Ta'aytak a chukike'ex u ja'abil	PERSON:2_PL
Ta'aytak in chukik u ja'abil	Ta'aytak u chukiko'ob u ja'abil	PERSON:3_PL
Ka'abeje' yaan in bin merkaado	Ka'abeje' yaan a bin koonol merkaado	PERSON:2_SI
Ka'abeje' yaan in bin merkaado	Ka'abeje' yaan u bino'ob koonol merkaado	PERSON:3_PL
Ka'abeje' yaan in bin merkaado	Ka'abeje' yaan a bine'ex koonol merkaado	PERSON:2_PL
Ma' táan in bin koonol merkaadoi'	Ma' táan a bin koonol merkaadoi'	PERSON:2_SI
Ma' táan in bin koonol merkaadoi'	Ma' táan u bin koonol merkaadoi'	PERSON:3_SI
Ma' táan in bin koonol merkaadoi'	Ma' táan u bino'ob koonol merkaadoi'	PERSON:3_PL
Ma' táan in bin koonol merkaadoi'	Ma' táan a bine'ex koonol merkaadoi'	PERSON:2_PL
Ma' táan in bin koonol merkaadoi'	Ma' táan k bin koonol merkaadoi'	PERSON:3_PL
Ma k'aja'anten buka'aj in ja'abili'	Ma' k'aja'antech buka'aj a ja'abili'	PERSON:2_SI
Ma k'aja'anten buka'aj in ja'abili'	Ma' k'aja'anti' buka'aj u ja'abili'	PERSON:3_SI
Ma k'aja'anten buka'aj in ja'abili'	Ma' k'aja'anto'on buka'aj k ja'abili'	PERSON:1_PL
Ma k'aja'anten buka'aj in ja'abili'	Ma' k'aja'ante'ex buka'aj a ja'abile'exi'	PERSON:2_PL
Ma k'aja'anten buka'aj in ja'abili'	Ma' k'aja'anti'ob buka'aj u ja'abilo'obi'	PERSON:3_PL
Tan in k'íilkab	Tan a k'íilkab	PERSON:2_SI
Tan in k'íilkab	Tan k k'íilkab	PERSON:1_PL
Tan in k'íilkab	Tan a k'íilkabe'ex	PERSON:2_PL
Tan in k'íilkab	Tan u k'íilkabo'ob	PERSON:3_PL
Ook'in in bin ich kool	Ook'in a bin ich kool	PERSON:2_SI
Ook'in in bin ich kool	Ook'in u bino'ob tu koolo'ob	PERSON:3_PL
Ook'in in bin ich kool	Ook'in a bine'ex ta koole'ex	PERSON:2_PL
To'one' ma' jbúulo'oni'	To'one' jbúulo'on wáaj	TYPE:AFF;SUBTYPE:INT
To'one' ma' jbúulo'oni'	To'one' ma' jbúulo'on wáaj	SUBTYPE:INT
Kin in suut koonol merkaado	Ts'o'ok in suut koonol merkaado	ASPECT:TER;TENSE:PAS_SIM
Kin in suut koonol merkaado	Je'el in suut koonol merkaado	ASPECT:INS
óok'otnajen tu naajil xook	óok'otnajech tu naajil xook	PERSON:2_SI
óok'otnajen tu naajil xook	óok'otnajo'on tu naajil xook	PERSON:1_PL
óok'otnajen tu naajil xook	óok'otnaje'ex tu naajil xook	PERSON:3_PL
Ta manaj u k'áaxil a beetik a kool	Ta manaj wáaj u k'áaxil uti'al a beetik a kool	SUBTYPE:INT
Tene' ti' in taali'	Teche' ti' a taali'	PERSON:2_SI
Tene' ti' in taali'	Leti'e' ti' u taali'	PERSON:3_SI
Tene' ti' in taali'	To'one' ti' k taali'	PERSON:1_PL
Tene' ti' in taali'	To'one' ti' in taalo'oni'	PERSON:1_PL
Tene' ti' in taali'	Te'exe' ti' a taale'exi'	PERSON:2_PL
Tene' ti' in taali'	Leti'obe' ti' u taalo'obi'	PERSON:3_PL
Jach k'a'abéet u bin tu kool	Ma' jach k'a'abéet u bin tu kooli'	TYPE:NEG
Jach k'a'abéet u bin tu kool	Jach k'a'abéet wáaj u bin ich kool	SUBTYPE:INT
Jach k'a'abéet u bin tu kool	Ma' wáaj jach k'a'abéet u bin tu kooli'	TYPE:NEG;SUBTYPE:INT
Táan in kaaxtik a wotoch	Táan u kaaxtik a wotoch	PERSON:3_SI
Táan in kaaxtik a wotoch	Táan ek kaxtik a wotoch	PERSON:1_PL
Táan in kaaxtik a wotoch	Táan u kaxtiko'ob a wotoch	PERSON:3_PL
Jbinen yéetel in éetailo'ob merkaado	Jbinech yéetel a éetailo'ob merkaado	PERSON:2_SI
Jbinen yéetel in éetailo'ob merkaado	Jbino'ob yéetel u éetailo'ob merkaado	PERSON:3_PL
Jbinen yéetel in éetailo'ob merkaado	Jbine'ex yéetel a éetailo'ob merkaado	PERSON:2_PL
Ma' ta wu'uyik  wáaj ooxoli'	Ma' tu yu'ubik wáaj ooxoli'	PERSON:3_SI
Ma' ta wu'uyik  wáaj ooxoli'	Ma' tek u'uyik wáaj ooxoli'	PERSON:1_PL
Ma' ta wu'uyik  wáaj ooxoli'	Ma' ta wu'uyike'ex wáaj ooxoli'	PERSON:2_PL
Ma' ta wu'uyik  wáaj ooxoli'	Ma' tu yu'ubiko'ob wáaj ooxoli'	PERSON:3_PL
Máax yéetel jo'op' a bin koonol tu kúuchil báaxal	Máax yéetel ts'o'ok a bin koonol tu kúuchil báaxal	ASPECT:TER
Máax yéetel jo'op' a bin koonol tu kúuchil báaxal	Máax yéetel táant a bin koonol tu kúuchil báaxale'	ASPECT:IMM
Tene' kin bin paak'áal ich kool	Teche' ka bin paak'áal ich kool	PERSON:2_SI
Tene' kin bin paak'áal ich kool	Leti'e' ku bin paak'áal ich kool	PERSON:3_SI
Tene' kin bin paak'áal ich kool	To'one' kek bin paak'áal ich kool	PERSON:1_PL
Tene' kin bin paak'áal ich kool	Te'exe' ka taale'ex paak'áal ich kool	PERSON:2_PL
Kin wilikech merkaado	Ka wiliken merkaado	PERSON:2_SI
Kin wilikech merkaado	Kin wilike'ex merkaado	PERSON:1_PL
Yaan wáaj a xook tu naajil xook	Yaan wáaj u xook tu naajil xook	PERSON:3_SI
Yaan wáaj a xook tu naajil xook	Yaan wáaj k xook tu naajil xook	PERSON:1_PL
Yaan wáaj a xook tu naajil xook	Yaan wáaj a xooke'ex xook tu naajil xook	PERSON:2_PL
Yaan wáaj a xook tu naajil xook	Yaan wáaj u xooko'ob tu naajil xook	PERSON:3_PL
Te'exe' ma' jbúule'exi'	Te'exe' jbúule'ex wáaj	TYPE:AFF;SUBTYPE:INT
Te'exe' ma' jbúule'exi'	Te'exe' ma' jbúule'ex wáaj	SUBTYPE:INT
Jach k'a'abéet in bin ich kool	Ma' jach k'a'abéet in bin ich kooli'	TYPE:NEG
Jach k'a'abéet in bin ich kool	Jach k'a'abéet wáaj in bin ich kool	SUBTYPE:INT
Táan in meyaj ich kool	Táan a meyaj ich kool	PERSON:2_SI
Táan in meyaj ich kool	Táan u meyaj tu kool	PERSON:3_SI
Táan in meyaj ich kool	Táan u meyajo'ob ich kool	PERSON:3_PL
Táan in meyaj ich kool	Táan a meyaje'ex ich kool	PERSON:2_PL
Táan in meyaj ich kool	Táan ek meyaj ich kool	PERSON:1_PL
Teche' ma' wáaj áak'ab ka bin merkaadoi'	Leti'e' ma' wáaj áak'ab ku bin merkaadoi'	PERSON:3_SI
Teche' ma' wáaj áak'ab ka bin merkaadoi'	To'one' ma' wáaj áak'ab kek bin merkaadoi'	PERSON:1_PL
Teche' ma' wáaj áak'ab ka bin merkaadoi'	Te'exe' ma' wáaj áak'ab ka bine'ex merkaadoi'	PERSON:2_PL
Ta manaj a najil	Ta manaj wáaj a najil	SUBTYPE:INT
Ta manaj a najil	Ma' tin manaj in najili'	TYPE:NEG;PERSON:1_SI
A wojel wáaj tu'ux u taal	A wojel tu'ux u taal	SUBTYPE:DEC
A wojel wáaj tu'ux u taal	Ma' a wojel tu'ux u taali'	TYPE:NEG;SUBTYPE:DEC
Ma' táan in bin koonol tu k'íiwikil koonol	Ma' táan a bin koonol tu k'íiwikil koonol	PERSON:2_SI
Ma' táan in bin koonol tu k'íiwikil koonol	Leti'e' ma' táan u bin koonol tu k'íiwikil koonol	PERSON:3_SI
Ma' táan in bin koonol tu k'íiwikil koonol	Leti'e' ma' táan u bin koonol tu k'íiwikil koonol	PERSON:3_SI
Ma' táan in bin koonol tu k'íiwikil koonol	Ma' táan u bino'ob koonol tu k'íiwikil koonol	PERSON:3_PL
Ma' táan in bin koonol tu k'íiwikil koonol	Ma' táan u bino'ob koonol tu k'íiwikil koonol	PERSON:3_PL
Ma' táan in bin koonol tu k'íiwikil koonol	Ma' táan a bine'ex koonol tu k'íiwikil koonol	PERSON:2_PL
Ma' táan in bin koonol tu k'íiwikil koonol	Ma' táan k bin koonol tu k'íiwikil koonol	PERSON:1_PL
Teche' Yaan tech wáaj meyaj ti' biología	Leti'e' yaan wáaj meyaj ti' biología	PERSON:3_SI
Teche' Yaan tech wáaj meyaj ti' biología	To'onen yaanto'on wáaj meyaj ti' biología	PERSON:1_PL
Teche' Yaan tech wáaj meyaj ti' biología	Te'exe' yaante'ex wáaj meyaj ti' biología	PERSON:2_PL
Ma' táan in bin maan tu k'íiwikil koonoli'	Ma' taak in bin maan tu k'íiwikil koonoli'	ASPECT:DES
Ma' táan in bin maan tu k'íiwikil koonoli'	Ma' k'a'abéet in bin maan tu k'íiwikil koonoli'	ASPECT:OBL
Ma' táan in bin maan tu k'íiwikil koonoli'	Ma' suuk in bin maan tu k'íiwikil koonoli'	ASPECT:CUS
Ma' táan in bin maan tu k'íiwikil koonoli'	Ma' káaj in bin maan tu k'íiwikil koonoli'	ASPECT:BEG;TENSE:PAS_SIM
Jach k'a'abéet a bin tu k'íiwikil koonol	Jach k'a'abéet in bin tu k'íiwikil koonol	PERSON:1_SI
Jach k'a'abéet a bin tu k'íiwikil koonol	Jach k'a'abéet u bin tu k'íiwikil koonol	PERSON:3_SI
Jach k'a'abéet a bin tu k'íiwikil koonol	Jach k'a'abéet u bino'ob tu k'íiwikil koonol	PERSON:3_PL
Jach k'a'abéet a bin tu k'íiwikil koonol	Jach k'a'abéet a bine'ex tu k'íiwikil koonol	PERSON:2_PL
Ka'abeje' yaan in bin tu k'íiwikil koonol	Ka'abeje' yaan a bin koonol	PERSON:2_SI
Ka'abeje' yaan in bin tu k'íiwikil koonol	Ka'abeje' yaan u bino'ob koonol	PERSON:3_PL
Ka'abeje' yaan in bin tu k'íiwikil koonol	Ka'abeje' yaan a bine'ex koonol	PERSON:2_PL
Ma' k'aja'anto'on buka'aj k ja'abili'	Tek k'aja'anto'on buka'aj k ja'abili'	TYPE:AFF;STATUS:CMP
Ba'atelnajen te' tu kúuchil báaxalo'	Ba'atelnajech te' tu kúuchil báaxalo'	PERSON:2_SI
Ba'atelnajen te' tu kúuchil báaxalo'	Ba'atelnajo'ob te' tu kúuchil báaxalo'	PERSON:3_PL
Ba'atelnajen te' tu kúuchil báaxalo'	Ba'atelnaje'ex te' tu kúuchil báaxalo'	PERSON:2_PL
Táan wáaj a bin koonol merkaado	Táan wáaj u bino'ob koonol merkaado	PERSON:3_PL
Táan wáaj a bin koonol merkaado	Táan wáaj a bine'ex koonol merkaado	PERSON:2_PL
Táan wáaj a bin koonol merkaado	Táan wáaj k bin koonol merkaado	PERSON:1_PL
Ts'oka'an wáaj in beel	Ts'oka'an wáaj a beel	PERSON:2_SI
Ts'oka'an wáaj in beel	Ts'oka'an wáaj u beel	PERSON:3_SI
Ts'oka'an wáaj in beel	Ts'oka'an wáaj k beel	PERSON:1_PL
Ts'oka'an wáaj in beel	Ts'oka'an wáaj a beele'ex	PERSON:3_PL
Ts'oka'an wáaj in beel	Ts'oka'an wáaj u beelo'ob	PERSON:3_PL
J-jaanen merkaado	J-jaano'on merkaado	PERSON:1_PL
J-jaanen merkaado	J-jaane'ex merkaado	PERSON:2_PL
J-jaanen merkaado	J-jaanech merkaado	PERSON:2_SI
Kin jóok'ol wáaj koonol tu k'íiwikil koonol	Ts'o'ok wáaj in jóok'ol koonol tu k'íiwikil koonol	ASPECT:TER;TENSE:PAS_SIM
Kin jóok'ol wáaj koonol tu k'íiwikil koonol	Yaan wáaj in jóok'ol koonol tu k'íiwikil koonol	ASPECT:COM;TENSE:FUT_SIM
Ki'imak a wóol a bin ich kool	Ki'imak a wóol wáaj a bin ich kool	SUBTYPE:INT
Jbinen xook te' tu kúuchil báaxalo'	Jbinech wáaj xook te' tu kúuchil báaxalo'	SUBTYPE:INT;PERSON:2_SI
Yaan in jochik chak nal tin kool	Yaan a jochik chak nal ta kool	PERSON:2_SI
Yaan in jochik chak nal tin kool	Yaan ek jochik chak nal tek kool	PERSON:1_PL
Yaan in jochik chak nal tin kool	Yaan a jochike'ex chak nal ta koole'ex	PERSON:2_PL
Yaan in jochik chak nal tin kool	Yaan u jochiko'ob chak nal tu koolo'ob	PERSON:3_PL
Tin konaj in najil	Tin wáaj konaj in najil	SUBTYPE:INT
Tin konaj in najil	Ma' tin konaj in najili'	TYPE:NEG
Táan in bin koonol tu k'íiwikil koonol	Táan a bin koonol tu k'íiwikil koonol	PERSON:2_SI
Táan in bin koonol tu k'íiwikil koonol	Táan u bin koonol tu k'íiwikil koonol	PERSON:3_SI
Táan in bin koonol tu k'íiwikil koonol	Leti'obe' táan u bino'ob koonol tu k'íiwikil koonol	PERSON:3_PL
Táan in bin koonol tu k'íiwikil koonol	Leti'obe' táan u bino'ob koonol tu k'íiwikil koonol	PERSON:3_PL
Táan in bin koonol tu k'íiwikil koonol	Te'exe' táan a bine'ex koonol tu k'íiwikil koonol	PERSON:2_PL
Táan in bin koonol tu k'íiwikil koonol	Táan k bin koonol tu k'íiwikil koonol	PERSON:1_PL
Táan k xook tu naajil xook	Táan wáaj k xook tu naajil xook	SUBTYPE:INT
Yaan in manik ch'ujuko'ob tu k'íiwikil koonol	Yaan in jaantik ch'ujuko'ob tu k'íiwikil koonol	MARK:T
Yaan in manik ch'ujuko'ob tu k'íiwikil koonol	Yaan in bisik ch'ujuko'ob tu k'íiwikil koonol	MARK:S
Yaan in manik ch'ujuko'ob tu k'íiwikil koonol	Yaan in k'a'aytik ch'ujuko'ob tu k'íiwikil koonol	MARK:T
Tene' in jatsmajimbáaj	Teche' a jatsmajabáaj	PERSON:2_SI
Tene' in jatsmajimbáaj	Leti'e' u jatsmajubáaj	PERSON:3_SI
Tene' in jatsmajimbáaj	To'one' k jatsmajekbáaj	PERSON:1_PL
Tene' in jatsmajimbáaj	Te'exe' a jatsmajaba'ex	PERSON:2_PL
Tene' in jatsmajimbáaj	Leti'obe' u jatsmajuba'ob	PERSON:3_PL
Tene' kin bin páak ich kool	Teche' ka bin páak ich kool	PERSON:2_SI
Tene' kin bin páak ich kool	Leti'e' ku bin páak ich kool	PERSON:3_SI
Tene' kin bin páak ich kool	To'one kek bin páak ich kool	PERSON:1_PL
Tene' kin bin páak ich kool	Te'exe' ka bine'ex páak tu kool	PERSON:2_PL
Táan wáaj a bin ich kool	Táan wáaj u bin ich kool	PERSON:2_SI
Táan wáaj a bin ich kool	Táan wáaj u bino'ob ich kool	PERSON:3_PL
Táan wáaj a bin ich kool	Táan wáaj a bine'ex ich kool	PERSON:2_PL
Táan wáaj a bin ich kool	Táan wáaj ek bin ich kool	PERSON:1_PL
Yaan ti' teen 18 ja'abo'ob	Mina'an wáaj ti' teen 18 ja'abo'ob	TYPE:NEG;SUBTYPE:INT
Yaan ti' teen 18 ja'abo'ob	Mina'anten 18 ja'abo'ob	TYPE:NEG
Ma' jach k'a'abéet in bin tu k'íiwikil koonoli'	Ma' jach k'a'abéet u bin k'íiwikil koonoli'	PERSON:3_SI
Ma' jach k'a'abéet in bin tu k'íiwikil koonoli'	Ma' jach k'a'abéet u bino'ob tu k'íiwikil koonoli'	PERSON:3_PL
Ma' jach k'a'abéet in bin tu k'íiwikil koonoli'	Ma' jach k'a'abéet a bine'ex k'íiwikil koonoli'	PERSON:2_PL
Táan in boon tu naajil xook	Táan a boon tu naajil xook	PERSON:2_SI
Táan in boon tu naajil xook	Táan u boon tu naajil xook	PERSON:3_SI
Táan in boon tu naajil xook	Táan k boon tu naajil xook	PERSON:1_PL
Táan in boon tu naajil xook	Táan a boone'ex xook tu naajil xook	PERSON:2_PL
Táan in boon tu naajil xook	Táan u boono'ob tu naajil xook	PERSON:3_PL
Yaan wáaj in bin koonol merkaado	Yaan wáaj a bin koonol merkaado	PERSON:2_SI
Yaan wáaj in bin koonol merkaado	Yaan wáaj u bin koonol merkaado	PERSON:3_SI
Yaan wáaj in bin koonol merkaado	Yaan wáaj u bino'ob koonol merkaado	PERSON:3_PL
Yaan wáaj in bin koonol merkaado	Yaan wáaj a bine'ex koonol merkaado	PERSON:2_PL
Yaan wáaj in bin koonol merkaado	Yaan wáaj k bin koonol merkaado	PERSON:1_PL
Tene' áak'ab kin bin merkaado	Teche' áak'ab ka bin merkaado	PERSON:2_SI
Tene' áak'ab kin bin merkaado	Leti'e' áak'ab ku bin merkaado	PERSON:3_SI
Tene' áak'ab kin bin merkaado	To'one' áak'ab kek bin merkaado	PERSON:1_PL
Tene' áak'ab kin bin merkaado	Te'exe' áak'ab ka bine'ex merkaado	PERSON:2_PL
Tan k k'íilkab	Ma' tan k k'íilkabi'	TYPE:NEG
Yaan wáaj in bin ich kool	Yaan wáaj a bin ich kool	PERSON:2_SI
Yaan wáaj in bin ich kool	Yaan wáaj u bin ich kool	PERSON:3_SI
Yaan wáaj in bin ich kool	Yaan wáaj u bino'ob ich kool	PERSON:3_PL
Yaan wáaj in bin ich kool	Yaan wáaj a bine'ex ich kool	PERSON:2_PL
Yaan wáaj in bin ich kool	Yaan wáaj ek bin ich kool	PERSON:1_PL
Tene' kajakbalen weye'	Teche' kajakbalech weye'	PERSON:2_SI
Tene' kajakbalen weye'	Leti'e' kajakbal weye'	PERSON:3_SI
Tene' kajakbalen weye'	To'one' kajakbalo'on weye'	PERSON:1_PL
Tene' kajakbalen weye'	Te'exe' kajakbale'ex weye'	PERSON:2_PL
Tene' kajakbalen weye'	Leti'obe' kajakbalo'ob weye'	PERSON:3_PL
Tene' kin báaxal tu naajil xook	Teche' ka báaxal tu naajil xook	PERSON:2_SI
Tene' kin báaxal tu naajil xook	leti'e ku báaxal tu naajil xook	PERSON:3_SI
Tene' kin báaxal tu naajil xook	to'one' k báaxal tu naajil xook	PERSON:1_PL
Tene' kin báaxal tu naajil xook	te'exe' ka báaxale'ex tu naajil xook	PERSON:2_PL
Bajux ta bo'otaj ka ts'íibta'abech naajil xook	Bajux tu bo'oto'ob ka ts'íibta'abo'ob naajil xook	PERSON:3_PL
Táan a boon tu naajil xook	Táan wáaj a boon tu naajil xook	SUBTYPE:INT;PERSON:1_SI
Táan in báaxal tu naajil báaxal	Táan a báaxal tu naajil báaxal	PERSON:2_SI
Táan in báaxal tu naajil báaxal	Táan u báaxal tu naajil báaxal	PERSON:3_SI
Táan in báaxal tu naajil báaxal	Táan k báaxal tu naajil báaxal	PERSON:1_PL
Táan in báaxal tu naajil báaxal	Táan a báaxale'ex báaxal tu naajil báaxal	PERSON:2_PL
Táan in báaxal tu naajil báaxal	Táan u báaxalo'ob tu naajil báaxal	PERSON:3_PL
Tene' áak'ab kin bin tu k'íiwikil koonol	Tene' áak'ab wáaj kin bin tu k'íiwikil koonol	SUBTYPE:INT
Tene' áak'ab kin bin tu k'íiwikil koonol	Tene' ma' áak'ab wáaj kin bin tu k'íiwikil koonoli'	TYPE:NEG;SUBTYPE:INT
Yaan in k'aay te' paarkéeo'	Yaan wáaj in k'aay te' paarkéeo'	SUBTYPE:INT
Jbinen yéetel in éetailo'ob tu k'íiwikil koonol	Jbinech yéetel a éetailo'ob tu k'íiwikil koonol	PERSON:2_SI
Jbinen yéetel in éetailo'ob tu k'íiwikil koonol	Leti'obe' jbino'ob yéetel u éetailo'ob tu k'íiwikil koonol	PERSON:3_PL
Jbinen yéetel in éetailo'ob tu k'íiwikil koonol	Te'exe' jbine'ex yéetel a éetailo'ob tu k'íiwikil koonol	PERSON:2_PL
Táan u boon tu naajil xook	Táan wáaj u boon tu naajil xook	SUBTYPE:INT
Ta wile'ex u sáastal ta kaajale'ex	Ma' ta wile'ex u sáastal ta kaajale'exi'	TYPE:NEG
Ta wile'ex u sáastal ta kaajale'ex	Ta wile'ex wáaj u sáastal ta kaajale'ex	SUBTYPE:INT
Ta'aytak u chukiko'ob u ja'abil	Ma' u chuko'ob u ja'abili'	TYPE:NEG;MODE:SUB;ADVTENSE:NA
Ta'aytak u chukiko'ob u ja'abil	Ma' wáaj u chuko'ob u ja'abili'	TYPE:NEG;SUBTYPE:INT;MODE:SUB;ADVTENSE:NA;MARK:NI
Tene' ma' jbúuleni'	Teche' ma' jbúulechi'	PERSON:2_SI
Tene' ma' jbúuleni'	Leti'e' ma' jbúuli'	PERSON:3_SI
Tene' ma' jbúuleni'	To'one' ma' jbúulo'oni'	PERSON:1_PL
Tene' ma' jbúuleni'	Te'exe' ma' jbúule'exi'	PERSON:2_PL
Táan a bin koonol tu k'íiwikil koonol	Ma' táan a bin koonol tu k'íiwikil koonoli'	TYPE:NEG
Táan a bin koonol tu k'íiwikil koonol	Táan wáaj a bin koonol tu k'íiwikil koonol	SUBTYPE:INT
