ID	Source	Change	Target
Maya0936	Ta jutaj a najil	TYPE:NEG	Ma' jutaj a najili'
Maya0937	Ta jutaj a najil	SUBTYPE:INT	Ta jutaj wáaj a najil
Maya0938	Ta jutaj a najil	TYPE:NEG, SUBTYPE:INT	Ta jutaj a najil
Maya1004	Ma' táan in bin in wil in waalak'o'obi'	ASPECT:DES	Ma' taak in bin in wil in waalak'o'obi'
Maya1005	Ma' táan in bin in wil in waalak'o'obi'	ASPECT:OBL, TENSE:FUT_SIM	Ma' táan u bin in wil u waalak'o'obi'
Maya1006	Ma' táan in bin in wil in waalak'o'obi'	ASPECT:CUS	Ma' táan in bin suuk in waalak'o'obi'
Maya1007	Ma' táan in bin in wil in waalak'o'obi'	ASPECT:BEG, TENSE:PAS_SIM	Ma' táan u bin in wil u waalak'o'obi'
Maya0764	Tene' ajk'aayen	PERSON:3_SI	Leti'e' ajk'aayij
Maya0765	Tene' ajk'aayen	PERSON:2_SI	Teche' ajk'aayech
Maya0766	Tene' ajk'aayen	PERSON:1_PL	To'one' ajk'aayen
Maya0767	Tene' ajk'aayen	PERSON:2_PL	Te'exe' ajk'aaye'ex
Maya0768	Tene' ajk'aayen	PERSON:3_PL	Leti'obe' ajk'aayo'ob
Maya0869	Tene' áak'ab kin suut tu najil xook	TYPE:NEG	Tene' ma' áak'ab kin suut tu najil xooki'
Maya0870	Tene' áak'ab kin suut tu najil xook	SUBTYPE:INT	Tene' ka'ab wáaj kin suut tu najil xook
Maya0871	Tene' áak'ab kin suut tu najil xook	TYPE:NEG, SUBTYPE:INT	Tene' áak'ab k suut tu najil xook
Maya0996	Táan in suut in páak le solaro'	ASPECT:COM, TENSE:FUT_SIM	Táan in suut k páak le solaro'
Maya0997	Táan in suut in páak le solaro'	ASPECT:DES	Taak in suut in páak le solaro'
Maya0998	Táan in suut in páak le solaro'	ASPECT:OBL, TENSE:FUT_SIM	Táan in suut k páak le solaro'
Maya0999	Táan in suut in páak le solaro'	ASPECT:HAB	Táan in suut in páak le solaro'
Maya1000	Táan in suut in páak le solaro'	ASPECT:CUS	Táan in suut in páak le solaro'
Maya1001	Táan in suut in páak le solaro'	ASPECT:TER, TENSE:PAS_SIM	Táan in suut k páak le solaro'
Maya1002	Táan in suut in páak le solaro'	ASPECT:BEG, TENSE:PAS_SIM	Táan in suut k páak le solaro'
Maya1003	Táan in suut in páak le solaro'	ASPECT:IMM, TENSE:PAS_SIM	Táan in suut k páak le solaro'
Maya0918	Ta p'axaj a wotoch	SUBTYPE:INT	Ta p'axaj wáaj a wotoch
Maya0919	Ta p'axaj a wotoch	TYPE:NEG, SUBTYPE:INT	Ta p'axaj wáaj a wotoch
Maya0920	Ta p'axaj a wotoch	TYPE:NEG, PERSON:1_SI	Ta p'axaj wáaj a wotoch
Maya0971	Tin p'axaj u lu'umil uti'al in beetik in najil	SUBTYPE:INT	Tin p'axaj u lu'umil uti'al in najil
Maya0972	Tin p'axaj u lu'umil uti'al in beetik in najil	TYPE:NEG	Tin p'axaj u lu'umil uti'al in najili'
Maya0973	Tin p'axaj u lu'umil uti'al in beetik in najil	TYPE:NEG, SUBTYPE:INT	Tin p'axaj u lu'umil uti'al a najil
Maya0849	Yaan wáaj in wokol xook UPN	PERSON:2_SI	Yaan wáaj wáaj in wokol xook a
Maya0850	Yaan wáaj in wokol xook UPN	PERSON:3_SI	Yaan wáaj u wokol xook 1
Maya0851	Yaan wáaj in wokol xook UPN	PERSON:3_PL	Yaan wáaj u wokol xooko'ob 1o
Maya0852	Yaan wáaj in wokol xook UPN	PERSON:2_PL	Yaan wáaj in wokol xook taak ook
Maya0853	Yaan wáaj in wokol xook UPN	PERSON:1_PL	Yaan wáaj in wokol xook ten
Maya0980	Teche' ka bin xíimbal Chichen Itzá	SUBTYPE:INT	Teche' ka bin xíimbal chichen xtéáaj
Maya0981	Teche' ka bin xíimbal Chichen Itzá	TYPE:NEG, ASPECT:PRG	Teche' ka bin xíimbal chichen téáa
Maya0982	Teche' ka bin xíimbal Chichen Itzá	TYPE:NEG, SUBTYPE:INT, ASPECT:PRG	Teche' ka bin xíimbal chichen téáa
Maya0834	Sáansamal kin kaambal tu jo'ol in meyaj	PERSON:2_SI	Sáansamal ka koacbal tu jo'ol a meyaj
Maya0835	Sáansamal kin kaambal tu jo'ol in meyaj	PERSON:3_SI	Sáansamal ku kaambal tu jo'ol u meyaj
Maya0836	Sáansamal kin kaambal tu jo'ol in meyaj	PERSON:3_PL	Sáansamal ku kaambal tu jo'ol u meyajo'obin u meyaj
Maya0837	Sáansamal kin kaambal tu jo'ol in meyaj	PERSON:2_PL	Sáansamal ka baale'exa tu jo'ol a meyaj
Maya0927	Teche' ka jóok'ol cha'an tu yéetel	TYPE:NEG	Teche' ka jóok'ol cha'an tu yéeteli'
Maya0928	Teche' ka jóok'ol cha'an tu yéetel	SUBTYPE:INT	Teche' ka jóok'ol cha'an tu yéetel
Maya0929	Teche' ka jóok'ol cha'an tu yéetel	TYPE:NEG, SUBTYPE:INT	Teche' ka jóok'ol cha'an tu yéetel
Maya0844	Táan in xook UADY	PERSON:2_SI	Táan a xook a
Maya0845	Táan in xook UADY	PERSON:3_SI	Táan u xook o'íi
Maya0846	Táan in xook UADY	PERSON:3_PL	Táan u xooko'ob 1an
Maya0847	Táan in xook UADY	PERSON:2_PL	Táan a xooe'exk ta koonol
Maya0848	Táan in xook UADY	PERSON:1_PL	Táan k xook túun 1ox
Maya1049	Máax yéetel ka bin xíimbal Uxmal	ASPECT:TER, TENSE:PAS_SIM	Máax yéetel ka bin xíimbal xam
Maya1050	Máax yéetel ka bin xíimbal Uxmal	ASPECT:INS, TENSE:FUT_SIM	Máax yéetel ka bin xíimbal xam
Maya0794	Tene' áak'ab kin suut tin meyaj	PERSON:2_SI	Teche' áak'ab ka suut ta meyaj
Maya0795	Tene' áak'ab kin suut tin meyaj	PERSON:3_SI	Leti'e' áak'ab ku suut tu meyaj
Maya0796	Tene' áak'ab kin suut tin meyaj	PERSON:1_PL	To'one' áak'ab k suut tin meyaj
Maya0797	Tene' áak'ab kin suut tin meyaj	PERSON:2_PL	Te'exe' áak'ab ka suut ta meyaj
Maya0798	Tene' áak'ab kin suut tin meyaj	PERSON:3_PL	Leti'obe' áak'ab ku suut tu meyajo'ob
Maya0887	Ki'imak a wóol a suut ta wotoch	SUBTYPE:INT	Ki'imak a wóol a suut ta wotoch
Maya0888	Ki'imak a wóol a suut ta wotoch	TYPE:NEG	Ki'imak a wóol a suut ta wotochi'
Maya0889	Ki'imak a wóol a suut ta wotoch	TYPE:NEG, SUBTYPE:INT	Ki'imak a wóol a suut ta wotoch
Maya0974	Ta bo'otaj u lu'umil uti'al a beetik a najil	TYPE:NEG	Ta bo'otaj u lu'umil uti'al a beetik a najili'
Maya0975	Ta bo'otaj u lu'umil uti'al a beetik a najil	SUBTYPE:INT	Ta bo'otaj u lu'umil uti'al a beetik a najil
Maya0976	Ta bo'otaj u lu'umil uti'al a beetik a najil	TYPE:NEG, SUBTYPE:INT	Ta bo'otaj u lu'umil uti'al a beetik a najil
Maya1052	Kin wilikech te' téerminalo'	ASPECT:IMM, TENSE:PAS_SIM	Kin wilikech te' téerminalo'
Maya1053	Kin wilikech te' téerminalo'	ASPECT:COM, TENSE:FUT_SIM	Kin wilikech te' téerminalo'
Maya0896	To'one' áak'ab k luk'ul tu kúuchil tsakyaj	TYPE:NEG	To'one' ma' áak'ab k luk'ul tsu kúuchil tsakyaji'
Maya0897	To'one' áak'ab k luk'ul tu kúuchil tsakyaj	SUBTYPE:INT	To'one' áak'ab wáaj k luk'ul tsukil tsakyaj wáaj
Maya0898	To'one' áak'ab k luk'ul tu kúuchil tsakyaj	TYPE:NEG, SUBTYPE:INT	To'one' áak'ab k luk'ul tu kúuchil tsakyaj
Maya0769	Ka'abeje' yaan in taal k'íiwik	PERSON:2_SI	Ka'abeje' yaan a taal k'íiwik
Maya0770	Ka'abeje' yaan in taal k'íiwik	PERSON:3_PL	Ka'abeje' yaan u taalo'ob tu maalik
Maya0771	Ka'abeje' yaan in taal k'íiwik	PERSON:2_PL	Ka'abeje' yaan a taale'ex taal k'íiwiki'
Maya0772	Ka'abeje' yaan in taal k'íiwik	PERSON:3_SI	Ka'abeje' yaan u taal k'íiwik
Maya0773	Ka'abeje' yaan in taal k'íiwik	PERSON:1_PL	Ka'abeje' yaan k taal k'íiwik
Maya0959	Jach k'a'abéet in bo'ol SAT	TYPE:NEG	Ma' jach k'a'abéet in bo'ol in bo'ol in bo'ol in bixi'
Maya0960	Jach k'a'abéet in bo'ol SAT	SUBTYPE:INT	Jach k'a'abéet wáaj in bo'ol wáaj
Maya0961	Jach k'a'abéet in bo'ol SAT	TYPE:NEG, SUBTYPE:INT	Jach k'a'abéet in bo'ol a
Maya0854	Táan in xíimbal tu jáal ja'	TYPE:NEG	Táan in xíimbal tu jáal ja'i'
Maya0855	Táan in xíimbal tu jáal ja'	SUBTYPE:INT	Táan in xíimbal tu jáal ja'
Maya0856	Táan in xíimbal tu jáal ja'	TYPE:NEG, SUBTYPE:INT	Táan u xíimbal tu jáal ja'
Maya0890	Teche' áak'ab ka jóok'ol ta meyaj	TYPE:NEG	Teche' ma' áak'ab ka jóok'ol ta meyaji'
Maya0891	Teche' áak'ab ka jóok'ol ta meyaj	SUBTYPE:INT	Teche' áak'ab wáaj a jóok'ol ta meyaj
Maya0892	Teche' áak'ab ka jóok'ol ta meyaj	TYPE:NEG, SUBTYPE:INT	Leti'e' áak'ab ka jóok'ol ta meyaj
Maya0989	Táan in bin xíimbal tu nojkaajil zací	ASPECT:COM, TENSE:FUT_SIM	Táan a bin xíimbal tu nojkaajil tach wáaj
Maya0990	Táan in bin xíimbal tu nojkaajil zací	ASPECT:DES	Taak in bin xíimbal tu nojkaajil tach
Maya0991	Táan in bin xíimbal tu nojkaajil zací	ASPECT:OBL, TENSE:FUT_SIM	Táan a bin xíimbal tu nojkaajil tach wáaj
Maya0992	Táan in bin xíimbal tu nojkaajil zací	ASPECT:HAB	Táan in bin xíimbal tu nojkaajil taach nojkaajil éach
Maya0993	Táan in bin xíimbal tu nojkaajil zací	ASPECT:CUS	Táan in bin xíimbal tu nojkaajil tach nojkaajil tach
Maya0909	Chilajech te' jáal ja'o'	TYPE:NEG	Chilajech te' jáal ja'o'
Maya0910	Chilajech te' jáal ja'o'	SUBTYPE:INT	Chilaj wáaj te' jáal ja'o'
Maya0911	Chilajech te' jáal ja'o'	TYPE:NEG, SUBTYPE:INT	Chilaj wáaj te' jáal ja'o'
Maya0954	Táan ek taal te' plaasao'	TYPE:NEG	Ma' táan ek taal te' plaasao'i'
Maya0955	Táan ek taal te' plaasao'	SUBTYPE:INT	Táan ek taal te' plaasao'
Maya0956	Táan ek taal te' plaasao'	TYPE:NEG, SUBTYPE:INT	Táan ek taal te' paasao'
Maya1051	Míisnaj te' tu kúuchil báaxalo'	STATUS:ICM, ASPECT:PRG, TENSE:PRE_SIM	Míisnaj te' tu kúuchil báaxalo'
Maya0820	Jsa'aten yéetel in éetailo'ob tu nojkaajil Jo'	PERSON:2_SI	Bix a súa'atech yaan a éetailo'ob tu nojkaajil Ko'
Maya0821	Jsa'aten yéetel in éetailo'ob tu nojkaajil Jo'	PERSON:3_SI	Bix a súa'aten yéetel u éetailo'ob tu nojkaajil to'
Maya0822	Jsa'aten yéetel in éetailo'ob tu nojkaajil Jo'	PERSON:3_PL	Bix u sa'atech yéetel u éetailo'ob tu nojkaajil Ko'ob
Maya0823	Jsa'aten yéetel in éetailo'ob tu nojkaajil Jo'	PERSON:2_PL	Bix a sa'aten yéetel a éetailo'ob tu nojkaajil Ko'
Maya1045	Kin suut je'elel ka'ap'éel k'iin	ASPECT:TER, TENSE:PAS_SIM	Kin suut je'elel ka'ap'éel k'iin
Maya1046	Kin suut je'elel ka'ap'éel k'iin	ASPECT:INS, TENSE:FUT_SIM	Kin suut je'elel ka'ap'éel k'iin
Maya0939	Tin manaj in nook'	SUBTYPE:INT	Tin manaj wáaj in nook'
Maya0940	Tin manaj in nook'	TYPE:NEG, SUBTYPE:INT	Ta manaj k nook'
Maya0941	Tin manaj in nook'	TYPE:NEG	Ma' tin manaj in nook'i'
Maya0893	Leti'e' áak'ab ku k'uchul tu yotoch	TYPE:NEG	Leti'e' ma' áak'ab ku k'uchul tu yotochi'
Maya0894	Leti'e' áak'ab ku k'uchul tu yotoch	SUBTYPE:INT	Leti'e' kak'ab wáaj ku k'uchul tu yotoch
Maya0895	Leti'e' áak'ab ku k'uchul tu yotoch	TYPE:NEG, SUBTYPE:INT	Leti'e' áak'ab ku k'uchul tu yotoch
Maya0789	Ma' jach k'a'abéet wáaj in k'aay tu najil k'uji'	PERSON:2_SI	Ma' jach k'a'abéet wáaj a k'aay tu najil k'uji'
Maya0790	Ma' jach k'a'abéet wáaj in k'aay tu najil k'uji'	PERSON:3_SI	Ma' jach k'a'abéet wáaj u k'aay tu najil k'uji'
Maya0791	Ma' jach k'a'abéet wáaj in k'aay tu najil k'uji'	PERSON:1_PL	Ma' jach k'a'abéet wáaj k k'aay tu najil k'uji'
Maya0792	Ma' jach k'a'abéet wáaj in k'aay tu najil k'uji'	PERSON:3_PL	Ma' jach k'a'abéet wáaj u k'aay tu najil k'uxi'
Maya0793	Ma' jach k'a'abéet wáaj in k'aay tu najil k'uji'	PERSON:2_PL	Ma' jach k'a'abéet wáaj a k'aay tu najil k'uxi'
Maya0831	Ma' táan wáaj a p'áatal tu cha'anil in kaajal	PERSON:3_SI	Ma' táan wáaj u p'áatal tu cha'anil u kaajal
Maya0832	Ma' táan wáaj a p'áatal tu cha'anil in kaajal	PERSON:2_PL	Ma' táan wáaj a p'áatal tu cha'anil in e'exkaajal
Maya0833	Ma' táan wáaj a p'áatal tu cha'anil in kaajal	PERSON:3_PL	Ma' táan wáaj u p'áatal tu cha'anil u kaajalo'ob
Maya1020	Máax yéetel jo'op' a kanik a beet píib	ASPECT:TER	Máax yéetel jo'op' a kanik a beet píib
Maya1021	Máax yéetel jo'op' a kanik a beet píib	ASPECT:IMM	Máax yéetel jo'op' a kanik a beet píibe'
Maya0904	Yaan in taal óok'ot	TYPE:NEG	Yaan in taal óok'oti'
Maya0905	Yaan in taal óok'ot	SUBTYPE:INT	Yaan wáaj in taal óok'ot
Maya1035	Táan in póolik ch'ujuk pak'áalo'ob te' táankabo'	ASPECT:HAB	Táan in póolik ch'ujuk pak'áalo'ob te' táankabo'
Maya1036	Táan in póolik ch'ujuk pak'áalo'ob te' táankabo'	ASPECT:TER, TENSE:PAS_SIM	Táan in póolik ch'ujuk pak'áalo'ob te' táankabo'
Maya1037	Táan in póolik ch'ujuk pak'áalo'ob te' táankabo'	ASPECT:IMM, TENSE:PAS_SIM	Táan in póolik ch'ujuk pak'áalo'ob te' táankabo'
Maya1038	Táan in póolik ch'ujuk pak'áalo'ob te' táankabo'	ASPECT:OBL, TENSE:FUT_SIM	Táan in póolik ch'ujuk pak'áalo'ob te' táankabo'
Maya1039	Táan in póolik ch'ujuk pak'áalo'ob te' táankabo'	ASPECT:COM, TENSE:FUT_SIM	Táan in póolik ch'ujuk pak'áalo'ob te' táankabo'
Maya1047	Kin jóok'ol wáaj óok'ot te' k'íiwiko'	ASPECT:TER, TENSE:PAS_SIM	Kin jóok'ol wáaj kook'ot te' k'íiwiko'
Maya1048	Kin jóok'ol wáaj óok'ot te' k'íiwiko'	ASPECT:COM, TENSE:FUT_SIM	Kin jóok'ol wáaj kook'ot te' k'íiwiko'
Maya0838	Jpúuts'en tu najil xook	PERSON:2_SI	Jpúuts'en tu najil xook
Maya0839	Jpúuts'en tu najil xook	PERSON:3_PL	Jpúuts'ob tu najil xook
Maya0840	Jpúuts'en tu najil xook	PERSON:2_PL	Jp'uts'en tu najil xook
Maya0779	Ma' jach k'a'abéet in suut tin wotochi'	PERSON:2_SI	Ma' jach k'a'abéet a suut tin wotochi'
Maya0780	Ma' jach k'a'abéet in suut tin wotochi'	PERSON:3_SI	Ma' jach k'a'abéet u suut tin wotochi'
Maya0781	Ma' jach k'a'abéet in suut tin wotochi'	PERSON:1_PL	Ma' tach k'a'abéet k suut tin wotochi'
Maya0782	Ma' jach k'a'abéet in suut tin wotochi'	PERSON:3_PL	Ma' jach k'a'abéet u suut tin wotochi'
Maya0783	Ma' jach k'a'abéet in suut tin wotochi'	PERSON:2_PL	Ma' jach k'a'abéet a suut tin wotochi'
Maya0912	Jjóok'en áalkab te' tu kúuchil báaxalo'	TYPE:NEG	Jjóok'en áalkab te' tu kúuchil báaxalo'
Maya0913	Jjóok'en áalkab te' tu kúuchil báaxalo'	SUBTYPE:INT, PERSON:2_SI	Jjóok'on áalkab te' tu kúuchil báaxalo'
Maya0914	Jjóok'en áalkab te' tu kúuchil báaxalo'	TYPE:NEG, SUBTYPE:INT, PERSON:2_SI	Jjóok'on áalkab te' tu kúuchil báaxalo'
Maya0799	Tene' áak'ab wáaj kin báaxal Ticul	PERSON:2_SI	Teche' áak'ab wáaj ka báaxal ichil
Maya0800	Tene' áak'ab wáaj kin báaxal Ticul	PERSON:3_SI	Leti'e' áak'ab wáaj ku báaxal iich
Maya0801	Tene' áak'ab wáaj kin báaxal Ticul	PERSON:1_PL	To'one' áak'ab wáaj k báaxal ichil
Maya0802	Tene' áak'ab wáaj kin báaxal Ticul	PERSON:2_PL	Te'exe' áak'ab wáaj ka báaxal ichil
Maya0803	Tene' áak'ab wáaj kin báaxal Ticul	PERSON:3_PL	Leti'obe' áak'ab wáaj ku báaxalo'ob ichil
Maya0774	Jach k'a'abéet a suut ta wotoch	PERSON:1_SI	Jach k'a'abéet in suut ta wotoch
Maya0775	Jach k'a'abéet a suut ta wotoch	PERSON:3_SI	Jach k'a'abéet u suut ta wotoch
Maya0776	Jach k'a'abéet a suut ta wotoch	PERSON:3_PL	Jach k'a'abéet u suut ta wotoch
Maya0777	Jach k'a'abéet a suut ta wotoch	PERSON:2_PL	Jach k'a'abéet a suut ta wotochi'
Maya0778	Jach k'a'abéet a suut ta wotoch	PERSON:1_PL	Jach k'a'abéet te suut ta wotoch
Maya0902	Yaan a taal óok'ot	TYPE:NEG	Ma' yaan a taal óok'oti'
Maya0903	Yaan a taal óok'ot	SUBTYPE:INT	Yaan wáaj a taal óok'ot
Maya0933	Yaan a majáantik a najil	SUBTYPE:INT, PERSON:3_SI	Yaan a majáantik a najil
Maya0934	Yaan a majáantik a najil	TYPE:NEG, PERSON:3_SI	Yaan a majáantik a najil
Maya0935	Yaan a majáantik a najil	TYPE:NEG, SUBTYPE:INT, PERSON:3_SI	Yaan a majáantik a najil
Maya1022	Taak in pak'ik loolo'ob ya'ab u bo'onilo'ob	ASPECT:PRG	Taak in pak'ik loolo'ob ya'ab u bo'onilo'ob
Maya1023	Taak in pak'ik loolo'ob ya'ab u bo'onilo'ob	ASPECT:HAB	Taak in pak'ik loolo'ob ya'ab u bo'onilo'ob
Maya1024	Taak in pak'ik loolo'ob ya'ab u bo'onilo'ob	ASPECT:CUS	Taak in pak'ik loolo'ob ya'ab u bo'onilo'ob
Maya1025	Taak in pak'ik loolo'ob ya'ab u bo'onilo'ob	ASPECT:OBL, TENSE:FUT_SIM	Taak in pak'ik loolo'ob ya'ab u bo'onilo'ob
Maya0951	Táan a báabe'ex ich k'áak'náab	TYPE:NEG	Ma' táan a báabe'ex ich k'áak'náabi'
Maya0952	Táan a báabe'ex ich k'áak'náab	SUBTYPE:INT	Táan wáaj a báabe'ex ich k'áak'áab
Maya0953	Táan a báabe'ex ich k'áak'náab	TYPE:NEG, SUBTYPE:INT	Táan a báabe'ex ich k'áak'náab
Maya0828	Jaypéel k'iino'ob ka p'áatal tin wotoch	PERSON:3_SI	Jayp'éel k'iino'ob ka p'áatal tin wotoch
Maya0829	Jaypéel k'iino'ob ka p'áatal tin wotoch	PERSON:3_PL	jayp'éel k'iino'ob ka p'áatal tu wotoch
Maya0830	Jaypéel k'iino'ob ka p'áatal tin wotoch	PERSON:2_PL	Jayp'éel k'iino'ob ka p'áatal ta wotoch
Maya0986	Táan a wóok'ot tu cha'anil a kaajal	TYPE:NEG	Ma' táan a wóok'ot tu cha'anil a kaajali'
Maya0987	Táan a wóok'ot tu cha'anil a kaajal	TYPE:NEG, SUBTYPE:INT	Táan a wóok'ot tu cha'anil u kaajal
Maya0988	Táan a wóok'ot tu cha'anil a kaajal	SUBTYPE:INT	Táan wáaj a wóok'ot tu cha'anil a kaajal
Maya1008	Yaan wáaj in jóok'ol xíimbal ich kaaj	ASPECT:OBL	K'a'abéet wáaj in jóok'ol xíimbal ich kaaj
Maya1009	Yaan wáaj in jóok'ol xíimbal ich kaaj	ASPECT:HAB, TENSE:PRE_SIM	Yaan wáaj a jóok'ol xíimbal ich kaaj
Maya1010	Yaan wáaj in jóok'ol xíimbal ich kaaj	ASPECT:CUS, TENSE:PRE_SIM	Yaan wáaj a jóok'ol xíimbal ich kaaj
Maya1016	Máax yéetel ka bin tu k'iin u k'aaba' Ixchel	ASPECT:PRG	Máax yéetel ka bin tu k'aaba' xchel
Maya1017	Máax yéetel ka bin tu k'iin u k'aaba' Ixchel	ASPECT:CUS	Máax yéetel ka bin tu k'iin u k'aaba' chel
Maya1018	Máax yéetel ka bin tu k'iin u k'aaba' Ixchel	ASPECT:OBL, TENSE:FUT_SIM	Máax yéetel ka bin tu k'aiba' xchel
Maya1019	Máax yéetel ka bin tu k'iin u k'aaba' Ixchel	ASPECT:DES	Máax yéetel ka bin tu k'iin u k'aaba' xchel
Maya0930	Ta bonaj a najil	SUBTYPE:INT	Ta bonaj wáaj a najil
Maya0931	Ta bonaj a najil	TYPE:NEG, PERSON:1_SI	Ta bonaj wáaj a najil
Maya0932	Ta bonaj a najil	TYPE:NEG, SUBTYPE:INT, PERSON:1_SI	Ta bonaj wáaj a najil
Maya0841	Ook'in in jóok'ol tu k'íiwikil Zací	PERSON:2_SI	Ook'in a jóok'ol tu k'íiwikil Kach
Maya0842	Ook'in in jóok'ol tu k'íiwikil Zací	PERSON:3_PL	Ook'in a jóok'ol tu k'íiwikil kaach bax
Maya0843	Ook'in in jóok'ol tu k'íiwikil Zací	PERSON:2_PL	Ook'in a jóok'ol tu k'íiwikil daach
Maya0945	Táan u yáalkab tu jáal ja'	TYPE:NEG	Ma' táan u yáalkab tu jáal ja'i'
Maya0946	Táan u yáalkab tu jáal ja'	SUBTYPE:INT	Táan u yáalkab tu jáal ja'
Maya0947	Táan u yáalkab tu jáal ja'	TYPE:NEG, SUBTYPE:INT	Táan u yáalkab tu jáal ja'
Maya0884	Táan k jóok'ol xíimbal tu k'íiwikil Tizimín	TYPE:NEG	Táan k jóok'ol xíimbal tu k'íiwikil  iimimin
Maya0885	Táan k jóok'ol xíimbal tu k'íiwikil Tizimín	SUBTYPE:INT	Táan wáaj k jóok'ol xíimbal tu k'íiwikil in míiwikil in míiwikil in
Maya0886	Táan k jóok'ol xíimbal tu k'íiwikil Tizimín	TYPE:NEG, SUBTYPE:INT	Táan k jóok'ol xíimbal tu k'íiwikil inim
Maya0872	Táan a suut xíimbal tu nojkaajil Jo'	TYPE:NEG	Ta suut xíimbal tu nojkaajil io'
Maya0873	Táan a suut xíimbal tu nojkaajil Jo'	SUBTYPE:INT	Ta suut xíimbal tu nojkaajil wo'
Maya0874	Táan a suut xíimbal tu nojkaajil Jo'	TYPE:NEG, SUBTYPE:INT	Táan a suut xíimbal tu nojkaajil oo'
Maya0863	Jach k'a'abéet in xook UPN	TYPE:NEG	Ma' jach k'a'abéet in xook ji'
Maya0864	Jach k'a'abéet in xook UPN	SUBTYPE:INT	Jach k'a'abéet wáaj in xook báaj
Maya0865	Jach k'a'abéet in xook UPN	TYPE:NEG, SUBTYPE:INT	Jach k'a'abéet k xook a
Maya1043	Kin bin meyaj tu nojlu'umil Canadá	ASPECT:TER, TENSE:PAS_SIM	Kin bin meyaj tu nojlu'umil danad
Maya1044	Kin bin meyaj tu nojlu'umil Canadá	ASPECT:INS, TENSE:FUT_SIM	Kin bin meyaj tu nojlu'umil danad
Maya0811	Ma' tin nats'ike'ex te' k'íiwiko'	PERSON:3_SI	Ma' tu nats'ike'ex te' k'íiwiko'
Maya0812	Ma' tin nats'ike'ex te' k'íiwiko'	PERSON:2_SI	Ma' ta nats'iken te' k'íiwiko'
Maya0813	Ma' tin nats'ike'ex te' k'íiwiko'	PERSON:3_PL	Ma' tu nats'iko'ob te' k'íiwiko'
Maya0814	Ma' tin nats'ike'ex te' k'íiwiko'	PERSON:1_PL	Ma' tak nats'ike'ex te' k'íiwiko'
Maya0878	Leti'obe' táan u suut báaxal boola te' kaampoo'	TYPE:NEG	Ma' táan u suut báaxal boola te' kaampoo'i'
Maya0879	Leti'obe' táan u suut báaxal boola te' kaampoo'	SUBTYPE:INT	Ti' wáaj a suut báaxal boola te' kaampoo'
Maya0880	Leti'obe' táan u suut báaxal boola te' kaampoo'	TYPE:NEG, SUBTYPE:INT	Ma' táan u suut báaxal boola te' kaampoo'
Maya0968	Jach k'a'abéet a bo'ole'ex ti' SAT	TYPE:NEG	Ma' jach k'a'abéet a bo'ole'ex ti' in bo'ole'ex ti' in bixi'
Maya0969	Jach k'a'abéet a bo'ole'ex ti' SAT	SUBTYPE:INT	Jach k'a'abéet a bo'ole'ex ti' wáaj
Maya0970	Jach k'a'abéet a bo'ole'ex ti' SAT	TYPE:NEG, SUBTYPE:INT	Jach k'a'abéet a bo'ole'ex ti' a
Maya0915	Teche' ka p'áatal wenel tu yotoch	SUBTYPE:INT	Teche' ka p'áatal wenel tu yotoch
Maya0916	Teche' ka p'áatal wenel tu yotoch	TYPE:NEG	Teche' ka p'áatal wenel tu yotochi'
Maya0917	Teche' ka p'áatal wenel tu yotoch	TYPE:NEG, SUBTYPE:INT	Teche' ka p'áatal wenel tu yotoch
Maya0860	Tene' áak'ab kin meyaj te' tu kúuchil ts'akyajo'	TYPE:NEG	Tene' ma' áak'ab kin meyaj te' tu kúuchil ts'akyajo'i'
Maya0861	Tene' áak'ab kin meyaj te' tu kúuchil ts'akyajo'	SUBTYPE:INT	Tene' ma' áak'ab wáaj kin meyaj te' tu kúuchil ts'akyajo'
Maya0862	Tene' áak'ab kin meyaj te' tu kúuchil ts'akyajo'	TYPE:NEG, SUBTYPE:INT	Tene' áak'ab k meyaj te' tu kúuchil ts'akyajo'
Maya0983	Ma'alob jk'uchiken tu cha'anil in kaajal 	TYPE:NEG	Ma'alob jk'uchiken tu cha'anil in kaajal i'
Maya0984	Ma'alob jk'uchiken tu cha'anil in kaajal 	SUBTYPE:INT	Ma'alob jk'uchiken tu cha'anil in kaajal wáaj
Maya0985	Ma'alob jk'uchiken tu cha'anil in kaajal 	TYPE:NEG, SUBTYPE:INT	Ma'alob jk'uchiken tu cha'anil u kaajal  wáaj
Maya0906	Jka'anech te' báabo'	TYPE:NEG	Jka'anech te' báabo'
Maya0907	Jka'anech te' báabo'	SUBTYPE:INT	Jka'anech wáaj te' báabo'
Maya0908	Jka'anech te' báabo'	TYPE:NEG, SUBTYPE:INT	Jka'anech te' báabo'
Maya1026	Kin manik ya'abach u yich che' tu kaajil Akil	ASPECT:PRG	Táan in manik ya'abach u yich che' tu kaajil ikil
Maya1027	Kin manik ya'abach u yich che' tu kaajil Akil	ASPECT:TER, TENSE:PAS_SIM	Kin manik ya'abach u yich che' tu kaajil kiil
Maya1028	Kin manik ya'abach u yich che' tu kaajil Akil	ASPECT:COM, TENSE:FUT_SIM	Kin manik ya'abach u yich che' tu kaajil kiil
Maya1029	Kin manik ya'abach u yich che' tu kaajil Akil	ASPECT:INS, TENSE:FUT_SIM	Kin manik ya'abach u yich che' tu kaajil kiil
Maya1030	Kin manik ya'abach u yich che' tu kaajil Akil	ASPECT:OBL, TENSE:FUT_SIM	Kin manik ya'abach u yich che' tu kaajil kiil
Maya1031	Kin manik ya'abach u yich che' tu kaajil Akil	ASPECT:BEG, TENSE:PAS_SIM	Kin manik ya'abach u yich che' tu kaajil kiil
Maya1032	Kin manik ya'abach u yich che' tu kaajil Akil	ASPECT:CUS	Suuk in manik ya'abach u yich che' tu kaajil kiil
Maya1033	Kin manik ya'abach u yich che' tu kaajil Akil	ASPECT:DES	Taak in manik ya'abach u yich che' tu kaajil kil
Maya1034	Kin manik ya'abach u yich che' tu kaajil Akil	ASPECT:IMM, TENSE:PAS_SIM	Kin manik ya'abach u yich che' tu kaajil kiil
Maya0749	Yaan wáaj in bin maan Jo'	PERSON:2_SI	Yaan wáaj a bin maan ao'
Maya0750	Yaan wáaj in bin maan Jo'	PERSON:3_SI	Yaan wáaj u bin maan oo'
Maya0751	Yaan wáaj in bin maan Jo'	PERSON:3_PL	Yaan wáaj u bino'ob maan oox
Maya0752	Yaan wáaj in bin maan Jo'	PERSON:2_PL	Yaan wáaj a bine'ex maan do'
Maya0753	Yaan wáaj in bin maan Jo'	PERSON:1_PL	Yaan wáaj k bin maan oon
Maya0977	Tin bonaj u joolbejil in soolar	SUBTYPE:INT	Ta bonaj wáaj u joolbejil in soolar
Maya0978	Tin bonaj u joolbejil in soolar	TYPE:NEG	Ma' táan u joolbejil in soola'in
Maya0979	Tin bonaj u joolbejil in soolar	TYPE:NEG, SUBTYPE:INT	Ta bonaj u joolbejil in soolar
Maya0754	Ma' táan in bin maan Jo'i'	PERSON:2_SI	Ma' táan a bin maan oo'ix
Maya0755	Ma' táan in bin maan Jo'i'	PERSON:3_SI	Ma' táan u bin maan oo'i'
Maya0756	Ma' táan in bin maan Jo'i'	PERSON:3_PL	Ma' táan u bino'ob maan oo'obi'
Maya0757	Ma' táan in bin maan Jo'i'	PERSON:2_PL	Ma' táan a bine'ex kaan ooxi'
Maya0758	Ma' táan in bin maan Jo'i'	PERSON:1_PL	Ma' táan k bin maan ko'in
Maya1011	Tu'ux páanaderiyail ka maan	ASPECT:CUS	Tu'ux páanaderiy in maan
Maya1012	Tu'ux páanaderiyail ka maan	ASPECT:COM	Tu'ux páanaden yaan a maan
Maya1013	Tu'ux páanaderiyail ka maan	ASPECT:OBL, TENSE:FUT_SIM	Tu'ux páanaden yaan wáan u maan
Maya1014	Tu'ux páanaderiyail ka maan	ASPECT:BEG, TENSE:PAS_SIM	Tu'ux páanaden yaan wáan u maan
Maya1015	Tu'ux páanaderiyail ka maan	ASPECT:DES	Tu'ux páanaderiyiil ka maan
Maya0899	Te'exe' áak'ab ka jóok'ole'ex k'íiwik	TYPE:NEG	Te'exe' áak'ab ka jóok'ole'ex k'íiwiki'
Maya0900	Te'exe' áak'ab ka jóok'ole'ex k'íiwik	SUBTYPE:INT	Te'exe' áak'ab wáaj ka jóok'ole'ex k'íiwikik
Maya0901	Te'exe' áak'ab ka jóok'ole'ex k'íiwik	TYPE:NEG, SUBTYPE:INT	Te'exe' áak'ab wáaj a jóok'ole'ex k'íiwik
Maya0809	Kin bisikech tu najil xook	PERSON:2_SI	Ka bisikech tu najil xook
Maya0810	Kin bisikech tu najil xook	PERSON:3_SI	Ku bisiku tu najil xook
Maya0866	Jach k'a'abéet in máan tyeenda	TYPE:NEG	Ma' jach k'a'abéet in máan treendai'
Maya0867	Jach k'a'abéet in máan tyeenda	SUBTYPE:INT	Jach wáaj k'a'abéet in máan treenda
Maya0868	Jach k'a'abéet in máan tyeenda	TYPE:NEG, SUBTYPE:INT	Jach k'a'abéet wáaj meen1a
Maya0881	Te'exe' táan a suute'ex óok'ot tu cha'anil u kaajil Tekax	TYPE:NEG	Te'exe' táan a suute'ex wáaj tu cha'anil u kaajil mekaxil
Maya0882	Te'exe' táan a suute'ex óok'ot tu cha'anil u kaajil Tekax	SUBTYPE:INT	Te'exe' táan a suute'ex wáaj tu cha'anil u kaajil mekaxil íekax
Maya0883	Te'exe' táan a suute'ex óok'ot tu cha'anil u kaajil Tekax	TYPE:NEG, SUBTYPE:INT	Te'exe' táan a suute'ex óok'ot tu cha'anil u kaajil mekax
Maya1040	Yaan in wisíinsik in walak' peek'	ASPECT:OBL	K'a'abéet a wisíinsik in walak' peek'
Maya1041	Yaan in wisíinsik in walak' peek'	ASPECT:IMM, TENSE:PAS_SIM	Yaan in wisíinsik in walak' peek'
Maya1042	Yaan in wisíinsik in walak' peek'	ASPECT:TER, TENSE:PAS_SIM	Yaan in wisíinsik in walak' peek'
Maya0744	Táan in bin maan Jo'	PERSON:2_SI	Táan a bin maan ao'
Maya0745	Táan in bin maan Jo'	PERSON:3_SI	Táan u bin maan oo'
Maya0746	Táan in bin maan Jo'	PERSON:3_PL	Táan u bino'ob maan oo'ob
Maya0747	Táan in bin maan Jo'	PERSON:2_PL	Táan a bine'ex maan oox
Maya0748	Táan in bin maan Jo'	PERSON:1_PL	Táan ek bin maan oon
Maya0942	Táan a suut Ticul	TYPE:NEG	Ma' táan a suut in u uutuli'
Maya0943	Táan a suut Ticul	SUBTYPE:INT	Táan wáaj a suut wáaj
Maya0944	Táan a suut Ticul	TYPE:NEG, SUBTYPE:INT	Táan a suut ich wáaj
Maya0924	Táan a p'o'ik a wotoch	TYPE:NEG	Ma' táan a p'o'ik a wotochi'
Maya0925	Táan a p'o'ik a wotoch	SUBTYPE:INT	Ta p'o'ik wáaj a wotoch
Maya0926	Táan a p'o'ik a wotoch	TYPE:NEG, SUBTYPE:INT	Táan a p'o'ik a wotoch
Maya0759	Táan wáaj a bin maan Jo'	PERSON:1_SI	Táan wáaj u bin maan oo'
Maya0760	Táan wáaj a bin maan Jo'	PERSON:3_SI	Táan wáaj u bin maan oo'
Maya0761	Táan wáaj a bin maan Jo'	PERSON:3_PL	Táan wáaj u bino'ob maan oox
Maya0762	Táan wáaj a bin maan Jo'	PERSON:2_PL	Táan wáaj a bine'ex maan do'
Maya0763	Táan wáaj a bin maan Jo'	PERSON:1_PL	Táan wáaj k bin maan oon
Maya0962	Jach k'a'abéet u taal tu najil xook	TYPE:NEG	Ma' jach k'a'abéet u taal tu najil xooki'
Maya0963	Jach k'a'abéet u taal tu najil xook	SUBTYPE:INT	Jach wáaj k'a'abéet u taal tu najil xook
Maya0964	Jach k'a'abéet u taal tu najil xook	TYPE:NEG, SUBTYPE:INT	Jach k'a'abéet wáaj tu najil xook
Maya0804	Tene' ma' áak'ab kin jóok'ol tin meyaji'	PERSON:2_SI	Teche' ma' áak'ab ka jóok'ol ta meyaji'
Maya0805	Tene' ma' áak'ab kin jóok'ol tin meyaji'	PERSON:3_SI	Tene' ma' áak'ab kin jóok'ol tu meyaji'
Maya0806	Tene' ma' áak'ab kin jóok'ol tin meyaji'	PERSON:1_PL	To'one' ma' áak'ab ke' jóok'ol tin meyaji'
Maya0807	Tene' ma' áak'ab kin jóok'ol tin meyaji'	PERSON:2_PL	Te'exe' ma' áak'ab ka jóok'ol ta meyaji'
Maya0808	Tene' ma' áak'ab kin jóok'ol tin meyaji'	PERSON:3_PL	Tene' ma' áak'ab kin jóok'ol tu meyaji'
Maya0857	Jach k'a'abéet in wuk'ul te' bejo'	TYPE:NEG	Ma' jach k'a'abéet in wuk'ul te' bejo'
Maya0858	Jach k'a'abéet in wuk'ul te' bejo'	SUBTYPE:INT	Jach wáaj k'a'abéet in wuk'ul te' bejo'
Maya0859	Jach k'a'abéet in wuk'ul te' bejo'	TYPE:NEG, SUBTYPE:INT	Jach k'a'abéet wáaj tu yuk'ul te' bejo'
Maya0921	Ta bo'otaj a wotoch	TYPE:NEG	Ta bo'otaj a wotochi'
Maya0922	Ta bo'otaj a wotoch	SUBTYPE:INT	Ta bo'otaj wáaj a wotoch
Maya0923	Ta bo'otaj a wotoch	TYPE:NEG, SUBTYPE:INT	Ta bo'otaj a wotoch
Maya0957	Ma' ki'imak a wóol a xíimbal jáal ja'i'	TYPE:AFF, SUBTYPE:INT	Ma' ki'imak a wóol a xíimbal jáal ja'i'
Maya0958	Ma' ki'imak a wóol a xíimbal jáal ja'i'	SUBTYPE:INT	Ma' ki'imak a wóol a xíimbal jáal ja'i'
Maya0948	Táan u jóok'olo'ob cha'an	TYPE:NEG	Ma' táan u jóok'olo'ob cha'ani'
Maya0949	Táan u jóok'olo'ob cha'an	SUBTYPE:INT	Ta wóok'olo'ob cha'an
Maya0950	Táan u jóok'olo'ob cha'an	TYPE:NEG, SUBTYPE:INT	Táan u jóok'olo'ob cha'an
Maya0965	Jach k'a'abéet u taalo'ob tu cha'anil kaaj	SUBTYPE:INT	Jach k'a'abéet u taalo'ob tu cha'anil kaaj wáaj
Maya0966	Jach k'a'abéet u taalo'ob tu cha'anil kaaj	TYPE:NEG, SUBTYPE:INT	Jach k'a'abéet u taalo'ob tu cha'anil kaaj
Maya0967	Jach k'a'abéet u taalo'ob tu cha'anil kaaj	TYPE:NEG	Ma' jach k'a'abéet u taalo'ob tu cha'anil kaaji'
Maya0815	Ichkíilnajen tu jáal ja'	PERSON:2_SI	Ichkíinlajech tu jáal ja'
Maya0816	Ichkíilnajen tu jáal ja'	PERSON:1_PL	Ichkíinlajo'on tu jáal ja'
Maya0817	Ichkíilnajen tu jáal ja'	PERSON:2_PL	Ichkíinaje'ex tu jáal ja'abéex
Maya0818	Ichkíilnajen tu jáal ja'	PERSON:3_SI	Ichkíilijaj tu jáal ja'
Maya0819	Ichkíilnajen tu jáal ja'	PERSON:3_PL	Ichkíino'obije'ex tu jáal ja'
Maya0875	Táan u suut báaxal ja' tu kaajil Progreso	TYPE:NEG	Táan u suut báaxal ja' tu kaajil rrogrosi'
Maya0876	Táan u suut báaxal ja' tu kaajil Progreso	SUBTYPE:INT	Táan u suut báaxal ja' tu kaajil groges
Maya0877	Táan u suut báaxal ja' tu kaajil Progreso	TYPE:NEG, SUBTYPE:INT	Táan u suut báaxal ja' tu kaajil rrogeso
Maya0784	Jach wáaj k'a'abéet a suut tu jo'ol a meyaj	PERSON:1_SI	Jach wáaj k'a'abéet in suut tu jo'ol a meyaj
Maya0785	Jach wáaj k'a'abéet a suut tu jo'ol a meyaj	PERSON:3_SI	Jach wáaj k'a'abéet a suut tu jo'ol a meyaj
Maya0786	Jach wáaj k'a'abéet a suut tu jo'ol a meyaj	PERSON:1_PL	Jach wáaj k'a'abéet a suut tu jo'ol a meyaj
Maya0787	Jach wáaj k'a'abéet a suut tu jo'ol a meyaj	PERSON:3_PL	Jach wáaj k'a'abéet a suut tu jo'ol a meyaj
Maya0788	Jach wáaj k'a'abéet a suut tu jo'ol a meyaj	PERSON:2_PL	Jach wáaj k'a'abéet a suut tu jo'ol a meyaj
Maya0994	Ts'o'ok in bin janal Progreso	ASPECT:BEG	Ts'o'ok in bin janal roogruse
Maya0995	Ts'o'ok in bin janal Progreso	ASPECT:IMM	Ts'o'ok in bin janal roograat a roogeso
Maya0824	Ba'ax k'iin a je'elel ta meyaj	PERSON:1_SI	Ba'ax k'iin a je'elel ta meyaj
Maya0825	Ba'ax k'iin a je'elel ta meyaj	PERSON:3_SI	Ba'ax k'iin a je'elel ta meyaj
Maya0826	Ba'ax k'iin a je'elel ta meyaj	PERSON:2_PL	Ba'ax k'iin a je'elel ta meyaj
Maya0827	Ba'ax k'iin a je'elel ta meyaj	PERSON:3_PL	Ba'ax k'iin a je'elel ta meyajo'ob
